sample_id,class_name
lvwbZ5HKaq0,dying_hair
DX9eHEB8fJw,dying_hair
-4JdZpx3zNk,dying_hair
ir_8tuJNOwo,dying_hair
xdYC2-249K8.mp4,dying_hair
-7E9WiX7QfA,dying_hair
nyBFyIK8qj0,dying_hair
7RoD1CJEwfs,dying_hair
_KUh5TqYw0o,dying_hair
ktiu47Y1pcc,dying_hair
sF8OMiS6l_E,dying_hair
PFcHbxmH_Uw,dying_hair
-CaRbdIFhjI,dying_hair
qthN1ZVFtM8,dying_hair
8Pn4B9tC2xg,dying_hair
9zpIti07rYA,dying_hair
S3IH9eT67z8,dying_hair
DoskQVCHhR4,dying_hair
Wc0ZXk79r_4,dying_hair
Kp9FXl4r8T0,dying_hair
WrR0tf5xoZs,dying_hair
wPv6ODnrLAE,dying_hair
CfTVaWwT0Y8,dying_hair
owLo2pY4z1A,dying_hair
Aw2OtZReLDk,dying_hair
jmd9-0beUaI,dying_hair
A2eFiKkGgC0,dying_hair
TTSo5tBEhso,dying_hair
AQfERFAkncg,dying_hair
ns2OxaqgE3M,dying_hair
RVTFNwZzM80,dying_hair
aB2vxMeQfG8,dying_hair
of4FRDIeEOI,dying_hair
-NNNhb5VgOY,dying_hair
tgg1SmehWHI,dying_hair
6MSSunFVjgg,dying_hair
LMT6ZTLiZxY,dying_hair
6Q4-x1VOous,dying_hair
Ceaki4_KfK8,dying_hair
M1467K7OXiw,dying_hair
30g808ovF-k,dying_hair
m2M4Z-ODpzw,dying_hair
treyzEhuM_0,dying_hair
vE6rvDnYHn4,dying_hair
JYLsoKZC6AE,dying_hair
bXFlRDV068w,dying_hair
I0luMKjIZyg,dying_hair
Iqd-R5lcHHA,hurling_(sport)
ko-8xHE1Biw,hurling_(sport)
rNLiuRBwlrY,hurling_(sport)
iEBq_VR_JSE,hurling_(sport)
TUgICmUJaeA,hurling_(sport)
DibQGfr7wws,hurling_(sport)
UtekjFUGHJQ.mp4,hurling_(sport)
MJTFuhGikis,hurling_(sport)
034KeIezQZ8,hurling_(sport)
D83TAYTrCgM,hurling_(sport)
aiNrsBr91gk,hurling_(sport)
iXzRzHfQH1g,hurling_(sport)
ZmxOx-FVoqA.mp4,hurling_(sport)
UaGRhaVjfuo,hurling_(sport)
ipQNIHIFgsA,hurling_(sport)
pFLWh8mw90A,hurling_(sport)
ZwIOFrsj1rI,hurling_(sport)
teFC5zq-SQk,hurling_(sport)
2BwBZ9IQzAk,hurling_(sport)
f2FmhwII2Ro,hurling_(sport)
qZm5QVXVo4w,hurling_(sport)
wd7xmFsVtsw,hurling_(sport)
SHtJS9E9cmE,hurling_(sport)
Dx7N7TrffgE,hurling_(sport)
8CRKJjkfVrg,hurling_(sport)
lRsBBqsYTyU,hurling_(sport)
xwKuZ811HRw.mp4,hurling_(sport)
ml2eBC_nXrw,hurling_(sport)
sC8Gx5uEvFM,hurling_(sport)
FIYml5gRpWw,hurling_(sport)
mRG0t1BWXxU,hurling_(sport)
tH1qCM-D2l4,hurling_(sport)
GLes9aesBeQ,hurling_(sport)
CnA3Axkjj6A.mp4,hurling_(sport)
vai3Gzd-ilw,hurling_(sport)
3ZMJckp6cPo,hurling_(sport)
3F92ANyZtBc,hurling_(sport)
6qHa-mSVa1U,hurling_(sport)
91RdJkuwKik,hurling_(sport)
TW5L62wvnHo,hurling_(sport)
MFeI2mRg6Ho,hurling_(sport)
04LMpZuQmEM,hurling_(sport)
tNn6K7hp_qU,hurling_(sport)
eSXFT1F8MyE,hurling_(sport)
KjQU29bZyb4,hurling_(sport)
85LdUscw16U,hurling_(sport)
KN_KRTaDJoM,hurling_(sport)
a6av8XInSvs,hurling_(sport)
TmzivRetelE,hurling_(sport)
4M0z2dAxFcY,hurling_(sport)
lI5mOg0ycnc,playing_xylophone
J6XjmXTDST4,playing_xylophone
2tF8a_0bYYA,playing_xylophone
AuQI8m8zswA,playing_xylophone
ntcN5pcqiOY,playing_xylophone
k45ect-HXas,playing_xylophone
Yf9I2pAbA_4,playing_xylophone
SykxFlJ2Dlw,playing_xylophone
OVcBoj2b-2M,playing_xylophone
4ZuNcpUQmM4,playing_xylophone
ZM3UPqyT210,playing_xylophone
ZLkNc-tm83U,playing_xylophone
ULwac3gjHFk,playing_xylophone
eQU2FsbvOXc,playing_xylophone
5LnRFlqlV6w,playing_xylophone
Xj2HoKVk3As,playing_xylophone
b0z-rOhCf2w,playing_xylophone
smUBaVIY_uk,playing_xylophone
c58Mu2EF_yI,playing_xylophone
afwq--zVgJk,playing_xylophone
LIb61jJgebw,playing_xylophone
KFzsNyLIULo,playing_xylophone
EuKlcstm0gA,playing_xylophone
cfK4FnaOeSo,playing_xylophone
8LIgsurVS6A,playing_xylophone
ExReUsHc6R8,playing_xylophone
d5sURYkf_nE,playing_xylophone
g1cBBkilsVI,playing_xylophone
E9k5I-EJd74,playing_xylophone
3g6vYQ3Qp8U,playing_xylophone
i2AJ5SAqzCE,playing_xylophone
XPohV0RZOII,playing_xylophone
UDvJMRGynnE,playing_xylophone
VvckL4ljuBY,playing_xylophone
N586DnjSCxo,playing_xylophone
qnJFaYiCSpA,playing_xylophone
jcbX9iIDatA,playing_xylophone
ciwFFiOp180,playing_xylophone
fV_0yqgFPh4,playing_xylophone
WEED5iQUJ1A,playing_xylophone
kDNG-8C2Jrs,playing_xylophone
ZO40MBvGejY,playing_xylophone
8lm4KEUOOHk,playing_xylophone
Y7ML5La_oiE,playing_xylophone
7AcGSRXxjw8,playing_xylophone
Z8UUNsCvG68,playing_xylophone
-hjrLwuG7A0,playing_xylophone
bAx4K1SR3gs,playing_xylophone
U96UWdc-3Aw,playing_xylophone
TGDEZRNXHuU,playing_xylophone
fX6scHNLk5w,dribbling_basketball
PFCYthrh-Ls,dribbling_basketball
6cwDzCzQLCg,dribbling_basketball
P23Dp774MZg,dribbling_basketball
0XHT4ID7Wkk,dribbling_basketball
uHR8pakSKkI,dribbling_basketball
sA3FAtCfxpw,dribbling_basketball
5t32dT2bFaU,dribbling_basketball
UthqVZFc6Zk,dribbling_basketball
wJTOt6reIpg,dribbling_basketball
rTDOx0cndCc,dribbling_basketball
LL-1iudTMss,dribbling_basketball
YXUsljH4iz8,dribbling_basketball
oxY1iBy5daQ,dribbling_basketball
pPEFj7kY6wc,dribbling_basketball
6RQ2rLKLsv8,dribbling_basketball
OTAvYb4Fclw,dribbling_basketball
6FC0IVAWQc4,dribbling_basketball
-QhxoSeCqYE,dribbling_basketball
LPnaUudTalc,dribbling_basketball
aAp4MpIc6zg,dribbling_basketball
FLQhXXY-4XA,dribbling_basketball
GUf3saB0aGg,dribbling_basketball
2R-MVTalZ8g,dribbling_basketball
Ef1N4vXMINQ,dribbling_basketball
gmOUGQSpDaQ,dribbling_basketball
DBc7EM2OeaA,dribbling_basketball
6XztITpw_dM,dribbling_basketball
8Liu0YJGFkU,dribbling_basketball
wdrRBrKBycc,dribbling_basketball
252W2TFVj6U,dribbling_basketball
mYg-tum5zq4,dribbling_basketball
Lb8vLWzzSA4,dribbling_basketball
P9lotgUhYQc,dribbling_basketball
BEoXBFW5Yuw,dribbling_basketball
oeSoRa8xtUg,dribbling_basketball
upXS1qv56Ww,dribbling_basketball
M_2WkaKWe5M,dribbling_basketball
izuALcpMYoo,dribbling_basketball
wCTJ9bKn_sI,dribbling_basketball
_cDPlZP2UVw,dribbling_basketball
sUb1RJUivRU,dribbling_basketball
dzfk3y6_e3A,dribbling_basketball
qoODmONT1a0,dribbling_basketball
tI1t5ugTvGY,dribbling_basketball
ClamGMwUegM.mp4,dribbling_basketball
1IKSdJ5Wk4s,dribbling_basketball
5XwJ0rTJwDQ,dribbling_basketball
4tn_mEgISZY,dribbling_basketball
CjiJdgoW5Io,dribbling_basketball
a-gdhotwJAg,opening_bottle
XZ5EBkzr4t4,opening_bottle
zY1YjiPMaNs,opening_bottle
GoFJb86v1pg,opening_bottle
sWMpkT9siSw,opening_bottle
qJ6DOrO8A2U,opening_bottle
gWd5AU5wP0k,opening_bottle
gnqDRRHbuI0,opening_bottle
0E85GLeQgas,opening_bottle
0npur3PQMHA,opening_bottle
q9uRhMLChnc,opening_bottle
cjv_8awzeyo.mp4,opening_bottle
--TSmh3wj9I,opening_bottle
b2KnqbubIB8,opening_bottle
2PZhuNhBsW4,opening_bottle
OayCUxccS0w,opening_bottle
NDfVG35vYmw,opening_bottle
9A9XdI8Kudo,opening_bottle
IJxftLMAV8U,opening_bottle
2Jqhq_eLvzQ.mp4,opening_bottle
qkeWHzb6U-I,opening_bottle
cO947ZSANRg,opening_bottle
7FAZzxo3jnM,opening_bottle
zg4lecMUjCo,opening_bottle
KyR9GKqxzlQ,opening_bottle
fcJzhtpMfgc,opening_bottle
eFDcurD-6bY,opening_bottle
a1gyzJQ6nto,opening_bottle
Kjv1tEZy6U4,opening_bottle
O2BP1nQOJ54,opening_bottle
CrhPxGAf8Yc,opening_bottle
ENwDLQTkIlQ,opening_bottle
oM-k3jhhqfQ,opening_bottle
B1tr5F2CPAQ,opening_bottle
2EPtfi-GFSw,opening_bottle
-4szNHl4P0c,opening_bottle
vH-6RKqfT_c,opening_bottle
IAXAOamk-hE,opening_bottle
Xk8eUQ-_xPg,opening_bottle
HJXT067oOi8,opening_bottle
6bwkUwMT87E,opening_bottle
vSEVCFV42pE,opening_bottle
0q9KxPP30V8,opening_bottle
gdmm2hTI4y4,opening_bottle
vXQX5XQfySY,opening_bottle
x44Fi6ux6Sk,opening_bottle
Gz7IR0o9v7s,opening_bottle
3jBdpKzTfyo,opening_bottle
PyIShF3VQ1A,opening_bottle
vDYKtFCxbgg,opening_bottle
rkwr4K6jAUc,petting_cat
VKvkX17F2WM,petting_cat
uhVjg7-2wLs,petting_cat
Wn6pE4-xqqc,petting_cat
beczHkrGKTE,petting_cat
RlsD3VaOj8w,petting_cat
iwIttka43nE,petting_cat
v4FPCXxS4OU,petting_cat
qvuM5tRdJ4o,petting_cat
zhy6E6VRJLM,petting_cat
AyZ2hw6W6_Q,petting_cat
s0-yCCGGlN4,petting_cat
paqZftDenXs,petting_cat
s1j82uqbpZo,petting_cat
NGadIAmamY8,petting_cat
5G94o6UdX2w,petting_cat
KXeJke5X5iY,petting_cat
BvyM5SW_Upo,petting_cat
OhVU5mTdEAU.mp4,petting_cat
yN6394xBHog,petting_cat
24cgfaG8WI0,petting_cat
auImcYJIS7k,petting_cat
wR8QFp-6v_k,petting_cat
HyLSN1N5Bdk,petting_cat
q1GijBRBqjE,petting_cat
V453VcemDtQ.mp4,petting_cat
QEWH30i14hA,petting_cat
SCCwinI-9gA,petting_cat
B9BGRDotBG8,petting_cat
pWYKtIBG3T4,petting_cat
W8eeHbW4V78,petting_cat
fn8bBb0gTkw,petting_cat
F7Tmh5j81zI,petting_cat
BgAm_L544l4,petting_cat
2eigAnTVfTU,petting_cat
QAaZ7ECPO_w,petting_cat
kiXPIuv_Lig,petting_cat
ytnsBbsAZV4,petting_cat
lKrziViOCmE,petting_cat
YOxmFaxoIig,petting_cat
zF_LeVOnTgQ,petting_cat
PgPfk4vYpMU,petting_cat
CfeTpqt937k,petting_cat
EUIGpdmtzuA,petting_cat
TYTWS2PZLQg,petting_cat
N7HhD2qkuds,petting_cat
b34egjaaFtg,petting_cat
pUWJsmWOLG0,petting_cat
ij3u6P0iv1M,petting_cat
dbRrQohcOtU,sled_dog_racing
LOJKWSLyr6Q,sled_dog_racing
y3vgbfesr18,sled_dog_racing
P3IQwWZaXfw,sled_dog_racing
ToAK3NeXrn0,sled_dog_racing
9av9efQ8gZA,sled_dog_racing
JBzWsBMff6A,sled_dog_racing
CdpUfCli4ys,sled_dog_racing
0DXBrjeoaic,sled_dog_racing
daRSValt3SU,sled_dog_racing
Kr4iUI1mTZY,sled_dog_racing
gTx-YLwmr7E,sled_dog_racing
AF4Hnk8_0Ws,sled_dog_racing
7ik9I3oXw1I,sled_dog_racing
ws5e_wA5TQA,sled_dog_racing
cDhe3MEFONA,sled_dog_racing
DHU_kFpaHqE,sled_dog_racing
a3u9VL8gnIU,sled_dog_racing
HtA0neqM9HE,sled_dog_racing
UMghPUGzn44,sled_dog_racing
SJ_Upbsh-C8,sled_dog_racing
AO1rgHYoTgw,sled_dog_racing
-bzEZZT8OSY,sled_dog_racing
qaVtvZilC8w,sled_dog_racing
y9VzQwZuYQM,sled_dog_racing
7euIoWZ3Ihw,sled_dog_racing
O0JQKDXAJf8,sled_dog_racing
88El-aTLDOk,sled_dog_racing
L1LFggcDO_Q,sled_dog_racing
sqBAk5oyjeU,sled_dog_racing
lVMnKwth2F0.mp4,sled_dog_racing
DEo_WE0vecM,sled_dog_racing
zzokQ8DKETs,sled_dog_racing
Q5X1KOrVN0g,sled_dog_racing
sOd0G1tpDWw,sled_dog_racing
8Plb08dqjcQ,sled_dog_racing
BGh2s99PlL0,sled_dog_racing
gZcuxB1WDXM,sled_dog_racing
bxlosLXLeR4,sled_dog_racing
yMQMfdV-Fzs,sled_dog_racing
Z4Z0xUafn-A,sled_dog_racing
WAwEGRIU6nc,sled_dog_racing
GgX_IB4VwNw,sled_dog_racing
JEp2k627zJQ,sled_dog_racing
PBnuCr-PW3c,sled_dog_racing
F-ilxwBGvns,sled_dog_racing
n1x5B7M6z7s,sled_dog_racing
Y-acp_jXG1Q,sled_dog_racing
ZfJwZ4DawN0,sled_dog_racing
UZLSnJ2OBYA,sled_dog_racing
THS29tXnRc0,dancing_gangnam_style
GSIjf67LbQ0,dancing_gangnam_style
9tY3yo25xUQ,dancing_gangnam_style
xeWO9Bl9aWA,dancing_gangnam_style
XJ0S1vJ5toY.mp4,dancing_gangnam_style
m_BHgDs72So,dancing_gangnam_style
P4T1AxjMHrI,dancing_gangnam_style
LTxg9ZS-llw,dancing_gangnam_style
bn0JYGVxyvg,dancing_gangnam_style
6-Y2HOE94PY,dancing_gangnam_style
6d375F8vJcE,dancing_gangnam_style
YZq3qikg8LQ,dancing_gangnam_style
RyKmkqApwwE,dancing_gangnam_style
o_TIgx4gb_M,dancing_gangnam_style
0cRSaP17TDU,dancing_gangnam_style
UTCp0QC6bXQ,dancing_gangnam_style
m49V3CYrLKs,dancing_gangnam_style
5sCpQpPVwD0,dancing_gangnam_style
E238Ac6mrpY,dancing_gangnam_style
CWR58F43-Mc,dancing_gangnam_style
-PMG_RNHaQE,dancing_gangnam_style
oLxBaNhNk6s,dancing_gangnam_style
jxxy3W9cmg4,dancing_gangnam_style
rC7d3L8nSB4,dancing_gangnam_style
0uGdiI1Rz_8,dancing_gangnam_style
mrA5RNyGXaU,dancing_gangnam_style
NwUO5cztX7s,dancing_gangnam_style
GogsO0a4JG4,dancing_gangnam_style
WHibYR7sB9k,dancing_gangnam_style
1di4dSvCusw,dancing_gangnam_style
u3MVWyVRR8E,dancing_gangnam_style
-cIPyFZRweI,dancing_gangnam_style
I6IHEf04Cds,dancing_gangnam_style
zyf4BkKrKXY,dancing_gangnam_style
fqLNkXgj0i4,dancing_gangnam_style
wbCviAzjxP8,dancing_gangnam_style
EFlvWjpgNnw,dancing_gangnam_style
YaX_o9CV9Z8,dancing_gangnam_style
S3zOsmM7tsM,dancing_gangnam_style
g9The-jgwLc,dancing_gangnam_style
ufxTA-E0zd8,dancing_gangnam_style
CgRxzu3r7LQ,dancing_gangnam_style
UMg6uVsNeAs,dancing_gangnam_style
outfsO_VjNY,dancing_gangnam_style
b-BOvz33iGM,dancing_gangnam_style
LhZSA_QY8Fg,dancing_gangnam_style
GFr_E9QFAEs,dancing_gangnam_style
OZU2TSDnAXk,dancing_gangnam_style
4cjhTsZjNP8.mp4,snowboarding
PnZ6n2AWUjY,snowboarding
WsIpb1HjNeM,snowboarding
tDdXHUTEdXk,snowboarding
Nssuz0Db6LU,snowboarding
Crk0n9XYzCw,snowboarding
7QvVRfUCCds,snowboarding
cfTuboDQYHI,snowboarding
o07H9o-dxNE,snowboarding
M994XX10oUI,snowboarding
qZpkfNXF-ls,snowboarding
P7vijh8wss0,snowboarding
KaMfzeeYwWw,snowboarding
SXOcMIfxKXs,snowboarding
T28k6uxnpPE,snowboarding
RQUxuTHi2P4,snowboarding
L2w-vJXDePo,snowboarding
1UO2RdoUuMI,snowboarding
7mVk5T6O3wQ,snowboarding
ReIv6TN0oHM,snowboarding
0ZYTt4o2amM.mp4,snowboarding
kvMqEqooTr4,snowboarding
ZIaHfJBaD5M,snowboarding
CaTS2HVYLbE,snowboarding
HuDg2cF4RmQ,snowboarding
cMkKus3Se4A,snowboarding
0i5IfU3yOxg,snowboarding
NEyfaxEoRDE,snowboarding
XUEUxJ3mKjE,snowboarding
_hYvJAtCIM8,snowboarding
QpZeeFOp9jA,snowboarding
8tiPKt7_gk8,snowboarding
ng8f7_uedZ4,snowboarding
FSy2SnnVAA4,snowboarding
SNbElZQEpWA,snowboarding
PeNL2MUxLhk,snowboarding
z5BZhVGR7T0,snowboarding
yHE7V3eiOgs,snowboarding
5VKmWbJMEAo,snowboarding
rPEtlCRED3I,snowboarding
3bK5xWbkSQ0,snowboarding
9ikpgtHe9RY,snowboarding
s0YiB_LsJEk,snowboarding
gwboDtZErRc,snowboarding
4SNjLULzAoY,snowboarding
Tw0pXBLjGnM,throwing_ball
G9mtF5NROrI,throwing_ball
OIskPfsj2oo,throwing_ball
ny21UwIAD3w,throwing_ball
FNMF4UTY1es,throwing_ball
JiZMyIBS848,throwing_ball
4mXpxdl3xgs,throwing_ball
AuKAgQwDSsg,throwing_ball
urQ0PcD2-RU,throwing_ball
IyCxPrBNAmk,throwing_ball
C0KAzP1oAQg,throwing_ball
075Sp8SBR98,throwing_ball
s6Ju2OAMoiA,throwing_ball
HEsg0rwPF_Y,throwing_ball
mnsF2mNuK8M,throwing_ball
Us6pklNUxlE,throwing_ball
uLbYpeEELKk,throwing_ball
SCIQzIfzOmw,throwing_ball
wYyFXDL-60E,throwing_ball
qu7Rt1Xo1Xc,throwing_ball
Qxd-kxYDP6I,throwing_ball
sCue-jz0CG4,throwing_ball
GXO1eYu4kr8,throwing_ball
LKlP2LoK7s8,throwing_ball
-89t2FKhgJk,throwing_ball
gaV0RxmYbOA,throwing_ball
S5HTIjEAngQ,throwing_ball
pdJcFaPJXK0,throwing_ball
1cOcJBJZT9A.mp4,throwing_ball
sxPKQUjqVAE,throwing_ball
LOjAH8yLHCo,throwing_ball
hFS8u9WFhIg,throwing_ball
kaezqpD5X6g,throwing_ball
9YLo1yQtGNY,throwing_ball
3oulXc4w_aU,throwing_ball
Pj8051a9yj4,throwing_ball
vv4pdvOjMUE,throwing_ball
rGn_phOp9K8,throwing_ball
I7Q5LJuGE3Q,throwing_ball
A6JeTfQqm0I,throwing_ball
fahyi8OyMMg,throwing_ball
c_bwy8fnf2w,throwing_ball
9tTBYK2Dpgw,throwing_ball
caNcf2zB_GY,throwing_ball
RBBbb4d3BRk,throwing_ball
nfaLyIWyE6U,throwing_ball
t63-Pz5kJas,throwing_ball
HQuJXV8EsAs,throwing_ball
mb0aCyDHfdQ,throwing_ball
o0tfI02ehDE,throwing_ball
D5--ZGEjiWI,planting_trees
-l14zBmCKo0,planting_trees
sR4JTc4pcxE,planting_trees
liCL8DNNvUo,planting_trees
RpB8mbXb4FY,planting_trees
_cZNgZWuF1w,planting_trees
GELorec4nWc,planting_trees
fvn9xnmn6JU,planting_trees
hd_su1b_oIo,planting_trees
MckbF5EOKRk,planting_trees
mI9TaSy_5Vc,planting_trees
05FnxqVf05w,planting_trees
U7uqHiP55oo,planting_trees
i8zHxGXQzok,planting_trees
TR2cWPK21k4,planting_trees
Yh94s3ux29k,planting_trees
Q2wZ18KJyhc,planting_trees
_WzkPBxP-5g,planting_trees
qDMKH1fGGDw,planting_trees
EQ0L5bCPMUw,planting_trees
QhFjrzvavEY,planting_trees
oimIXvOy3oQ,planting_trees
rAoNCvtp1sA,planting_trees
NfpBY0Xbfqc,planting_trees
X9_7UNFztss,planting_trees
jTMLmL5LJ7Q,planting_trees
Mt1HKgfSEQE,planting_trees
Az_oY4eA2EA,planting_trees
LKUV4vm-i8g,planting_trees
MdnoPBkyiMA,planting_trees
nfQMrPGeO7M,planting_trees
ZqZyRVnu-Xk,planting_trees
T2FU1QWCb8U,planting_trees
GhktqoG8INU,planting_trees
YypCcNQZ-hM,planting_trees
7nA5QNPHEjY,planting_trees
EsF39JUatzA,planting_trees
iyQCMBhvTI0,planting_trees
Im9B2QI8gTQ,planting_trees
jhhh0z8s398,planting_trees
x7dSB3x9GfU,planting_trees
RlxJGoYOw_g,planting_trees
yZ5n48iooVI,planting_trees
9XQRaB3C1bA,planting_trees
v2FaLi04hdI,planting_trees
LQa0E8VlU3Q,planting_trees
4SBU8EepDdo,planting_trees
LNzK-tHcxxU,planting_trees
FBOLbjD7cLM,planting_trees
KViUY2HPXJI,scuba_diving
_4FD-NdYYww,scuba_diving
UOE1EGsXqqc,scuba_diving
bokjSlq_hI8,scuba_diving
sXo7WMryyZs,scuba_diving
Yk7myKR2j8Q,scuba_diving
-gqlA679_f8,scuba_diving
lqXDA8aiEsw,scuba_diving
tXzq4vvGabk,scuba_diving
lENHaFh5DOI,scuba_diving
1uQzOwAX03E,scuba_diving
l6DVXUQWMxE,scuba_diving
OIZDsgJQLB4,scuba_diving
Tsjlt48IgMg,scuba_diving
-Ynbp0XyHGo,scuba_diving
ko-gXo_FRxI,scuba_diving
kYLHl35DvxY,scuba_diving
NF7YB65qITA,scuba_diving
XfcL68pNdPg,scuba_diving
AVA9IaJqy-s,scuba_diving
Max5kYoP7mE,scuba_diving
RzKZfeGyrmY,scuba_diving
vF-Z-70QAHg,scuba_diving
w-FUr6Q3uOU,scuba_diving
eu2aqw0yKaE,scuba_diving
Wv02oSoS3vw,scuba_diving
B5b2rBinfCw,scuba_diving
mc_4qTfYtvw,scuba_diving
QCt-mWEXJuA,scuba_diving
Gkzm08AyOA8,scuba_diving
1f2bTBmh8FI,scuba_diving
PjJsbGKHPwY,scuba_diving
d7E4VMP8ZRA,scuba_diving
dEuEXzALNI0,scuba_diving
4yjlY4d8LV4,scuba_diving
cZrcb3q83OA,scuba_diving
_6U6dGuCVNk,scuba_diving
OCOBFpwwIto,scuba_diving
YxkNe-bz3mE,scuba_diving
iLokGwbdKDI,scuba_diving
64BhyrIZkz0,scuba_diving
EBeDagB347I,scuba_diving
0xAB67W5GS4,scuba_diving
T_qmGKyeKNU,scuba_diving
fs7mNi-SR_k,scuba_diving
tXzVfxlx6yU,scuba_diving
lL8nM9arQ2U,scuba_diving
-u5A74I0--M.mp4,scuba_diving
p_X1fYzUj9s,scuba_diving
PTShUWD1lD4,scuba_diving
jA9Ksdrm9bU,eating_watermelon
NeJMSr_qaPk,eating_watermelon
SJbirCKyaqQ,eating_watermelon
RLDix4rdxXk,eating_watermelon
seyDjoe2YrA,eating_watermelon
BeWXixoIYKQ,eating_watermelon
sP6BSwCx1hc,eating_watermelon
2TAXDQpL9sg,eating_watermelon
N-tTg4tBy-E,eating_watermelon
CHZXLS-gi9o,eating_watermelon
1fAbI-T2m1o,eating_watermelon
AHEfmLAeDoc,eating_watermelon
AdOKjU-Wcu8,eating_watermelon
0G2A0x2-vf4.mp4,eating_watermelon
6Fc11UBMXQ4,eating_watermelon
XDh1yNPSO48,eating_watermelon
_04E5ylO7Vc,eating_watermelon
pLA62YSoEoM,eating_watermelon
4NVC48I-Jv4,eating_watermelon
p2s5fet6Xu0,eating_watermelon
rAYViXwsFFo,eating_watermelon
f4IW0QTdyew,eating_watermelon
EnZrflYz78o,eating_watermelon
8CHr92ZwPgM,eating_watermelon
-GU9hPMO3mg,eating_watermelon
9zAOG7R84S8,eating_watermelon
OhqChJ0fvh4,eating_watermelon
W4HtXJsX13c,eating_watermelon
-xA_1WuydMU,eating_watermelon
q_FzmVMecKs,eating_watermelon
8HZGTX8Irx0,eating_watermelon
BJweahZ1ZjM,eating_watermelon
QtKdUpUxWjo,eating_watermelon
2Ul9m6gCYYo,eating_watermelon
Xnj0zoO0mao,eating_watermelon
GGTuo56vOPE,eating_watermelon
WEhwJ0Ee1RM,eating_watermelon
p1TPoSWQAzM,eating_watermelon
Gvr1bO64FiM,eating_watermelon
BRp67njJBa4,eating_watermelon
_0xo7EkS0tE,eating_watermelon
ktCmKvNmAnM,eating_watermelon
659SFuzrxBE,eating_watermelon
IrbMK1MKgQA,eating_watermelon
lonyZ_vTjho,eating_watermelon
Pu9pT5_GkPg,eating_watermelon
0lxXFtkgAdU,eating_watermelon
JnmqiAKd5ag,eating_watermelon
e1Lxov1lYH8,eating_watermelon
Ao3EwAJiqgw,eating_watermelon
lhS_a-BaGnw,diving_cliff
gC2IT6Bc4ak,diving_cliff
OFNwDUlnG7Q,diving_cliff
qtvNszjAN_o,diving_cliff
2DwBhMUH-_I,diving_cliff
_RMocNNLKpE,diving_cliff
H1oAVU9WKG8,diving_cliff
M-z7Osz7qcM,diving_cliff
1MmjE51PeIE,diving_cliff
RXQf3tmyGfs,diving_cliff
wzqwMOeDw5Q,diving_cliff
ZykYIRXIHmA,diving_cliff
HDhAiHLk-aM,diving_cliff
sGXT2fLFQac,diving_cliff
4XWiX17u92o,diving_cliff
zWylsOJb6ZQ,diving_cliff
OG6bNeYSyLM,diving_cliff
-dQsbQfZ008,diving_cliff
3gfHlJJY8Fg,diving_cliff
53inCcl4-Fc,diving_cliff
fBcKhmdWCvE,diving_cliff
EzMqjDPLRhc,diving_cliff
2E6ZLAK593E,diving_cliff
p4WyiySN4k0,diving_cliff
mRT3lSsp4Xw,diving_cliff
EdxaWjb4eSA,diving_cliff
DSYf6pQpPxo,diving_cliff
xo0qjV35hXI,diving_cliff
ZAe2CaPiutg,diving_cliff
RTdy-Phfpl4,diving_cliff
EKzhNFxJQ4Q,diving_cliff
ZCITJQfuVCY,diving_cliff
jkwXzCcXgAk,diving_cliff
m2dqNoQGQJY,diving_cliff
RH429L6gkCk,diving_cliff
gyNL-5vabAs,diving_cliff
g5UfAiZDh-U,diving_cliff
5D4HjS92zSQ,diving_cliff
4vv-m4xCVbc,diving_cliff
f8xt1YXlOGk,diving_cliff
FkA9doylBHQ,diving_cliff
QQk96o9fJ10,diving_cliff
kVq4T6-R2ws,diving_cliff
Oj39vsTdsy4,diving_cliff
96U0svz_isg,diving_cliff
hsdiBkzJWuY,diving_cliff
yUPcjyabdhI,diving_cliff
N_eEvki6IYQ,diving_cliff
XszCuHSI2L0,diving_cliff
aPnGA9n_ewQ,swinging_legs
W52Cl1ed1LU,swinging_legs
K6r3I90C7bk,swinging_legs
4kHHkmsEmd8,swinging_legs
uoI7gCwHyog,swinging_legs
P5Exd2BP1ZE,swinging_legs
7LkTInA4dFU,swinging_legs
gRppLFO9iiw,swinging_legs
GP8cLcCDbVQ,swinging_legs
emIssL1b_uw,swinging_legs
APUtOhO2T2Q,swinging_legs
POWKiXaELK8,swinging_legs
O0a_OPp9T7o,swinging_legs
ATZC3YKIyBg,swinging_legs
hX-k4OKV7Bo,swinging_legs
A-O5WJQyHX0,swinging_legs
rqFDTUwgKN4,swinging_legs
Sgx0_8xogtE,swinging_legs
qyyD0D4zd5g,swinging_legs
65zhS0OVF7k,swinging_legs
oM29zSDhRBE,swinging_legs
gY2aoA_4Uz8,swinging_legs
xgCGyLE0UI0,swinging_legs
7E5zRuwurUI,swinging_legs
rj3_vYfmm6s,swinging_legs
_WocisUV-aI,swinging_legs
rN2Gj3yVapk,swinging_legs
EU6SzWcg_ZU,swinging_legs
He3yQ9Fr3lI,swinging_legs
UcMAPWymb7g,swinging_legs
9m1DUenqISg,swinging_legs
duk3Catzzj0,swinging_legs
GEEhky7BL2U,swinging_legs
9Rsx6s9ovo8,swinging_legs
WFhob6hQ2Vc,swinging_legs
6d0h4KxO4ZE,swinging_legs
NXV4U4ls4Nk,swinging_legs
Nef86jYC6no,swinging_legs
R86vJyi_VVQ,swinging_legs
zAzydi6mtBg,swinging_legs
eRuf8ZxHyik,swinging_legs
8Kh0kzsO5aE,swinging_legs
HAhp3ac4sdQ,swinging_legs
BHMeO1L6sO4,swinging_legs
qYmeTijnI3s,swinging_legs
gSfBgtNUahw,swinging_legs
S0VYJbzfVA8,swinging_legs
asO6bZcU0bY,swinging_legs
MNLP2Qhnvks,swinging_legs
FE17BEdU5fc.mp4,swinging_legs
Lm-eNlhJ5YI,playing_kickball
XmuouBFqreg,playing_kickball
y-HkIwa-jWM,playing_kickball
WRh2__MJLLs,playing_kickball
uQCy7cZ6xPc,playing_kickball
c3naK5GCMqo,playing_kickball
ZcI5Ht9e4QU,playing_kickball
6VT2jBflMAM,playing_kickball
Z2t-F5cubpk,playing_kickball
isMWQ4Sgbu4,playing_kickball
82tI1mfUWOs,playing_kickball
Nk9Tw2UtZY0,playing_kickball
1CI1-cJJoNE,playing_kickball
Zj9bnmkcCcs,playing_kickball
6C-IU5M59NE,playing_kickball
kLz1MejP66g,playing_kickball
5yJ_Y3k5iJQ,playing_kickball
pW0nPs1Pcq0,playing_kickball
zC-nr348kt8,playing_kickball
JzPFgZF2dn0,playing_kickball
KrjgAicFObw,playing_kickball
-m-2ka9iN9M,playing_kickball
Bf-hpUhA_SM,playing_kickball
-dvwA0Hzj6s,playing_kickball
7ldufNtwb7M,playing_kickball
VcnE83-MKz0,playing_kickball
TRN_0W9lniY,playing_kickball
i3fA1eq8Da0,playing_kickball
t98Cp71GPD8,playing_kickball
Q6JGXBJFfP4,playing_kickball
d5TMlt6P-ug,playing_kickball
8nYBG4EfeT8,playing_kickball
MLeP_KamErA,playing_kickball
yM6TAZ8-4S0,playing_kickball
ZFX7oYdu_hI,playing_kickball
Sa25C3h-F6A,playing_kickball
N2FU_lX6Vw0,playing_kickball
HhRzYKEy2zw,playing_kickball
tdbqHNKVaf0,playing_kickball
-1QTRLQSzhQ,playing_kickball
SSFgCEbpvxM,playing_kickball
kFkm8mvMMnk,playing_kickball
0QU1CMeczKs,playing_kickball
1_H3B3WCSXU,playing_kickball
aMTce4pTh00,playing_kickball
gxLOV__s9wU,playing_kickball
GRa9CqLNj5o,playing_kickball
vdZ8iGPCfD4,playing_kickball
tCXGqng9yJ8,playing_kickball
Y46zmNs4EKY,playing_kickball
ulHNkDqkkPE,massaging_person's_head
5Nb-nARg_wM,massaging_person's_head
3sNH46v4jao,massaging_person's_head
IirpZPRZk0o,massaging_person's_head
0oIJWn9IUwM,massaging_person's_head
AtUdJ9E_si4,massaging_person's_head
3XlGDRscZpI,massaging_person's_head
-jrFHROheu4,massaging_person's_head
PyFotOYl2-I,massaging_person's_head
rqBivpdlaNA,massaging_person's_head
CwxyLsRPRgc,massaging_person's_head
N0_X5AjWag8,massaging_person's_head
WNwp7Y5QENE,massaging_person's_head
069xevwEijs,massaging_person's_head
mlma0EQO1AE,massaging_person's_head
SZJALaKioRs,massaging_person's_head
0mRnNY9kcCQ,massaging_person's_head
-XvstEcJxV0,massaging_person's_head
TPZm-P_rt5c,massaging_person's_head
c-GqXjZyQZ0,massaging_person's_head
ykC62Wi0BFY,massaging_person's_head
QK0grNES8pw.mp4,massaging_person's_head
T_-aThrMoNs,massaging_person's_head
Q01J68PoH-w,massaging_person's_head
kQeSTkcl4yg,massaging_person's_head
ypiHQUxXYco,massaging_person's_head
_mutUc8IVjc,massaging_person's_head
kp21Z2HUTZk,massaging_person's_head
ryTPIEfdNWo,massaging_person's_head
vAzd8ApHKxE,massaging_person's_head
-WfbA1hJ-fM,massaging_person's_head
6cc6l02Ok1I,massaging_person's_head
MsTld0OgKMA,massaging_person's_head
rDTPCp73qDI,massaging_person's_head
HhKlMP4jjQw,massaging_person's_head
P96KkmhJhLw,massaging_person's_head
z-6l_dkR3vE,massaging_person's_head
XUL3LHCKq9A,massaging_person's_head
dn67Y7j0eMg,massaging_person's_head
NmInR6zAwhE,massaging_person's_head
nPMOO5cvJEE,massaging_person's_head
2V70PsTFG9s,massaging_person's_head
-huT_p-r_zA,massaging_person's_head
wsxKSAO2wvQ,massaging_person's_head
eLxuHz5HbhA.mp4,massaging_person's_head
GltqdcAebks,massaging_person's_head
g5sheFz9eUY,massaging_person's_head
VPpBDN5EAuk,massaging_person's_head
0pcIhYNEc88,massaging_person's_head
gYa398oMlSQ,massaging_person's_head
QWEZCimBmaA,trimming_or_shaving_beard
u-XHr2KprtY,trimming_or_shaving_beard
5L-gHkyUcuw,trimming_or_shaving_beard
NYlLqyGaf-Q,trimming_or_shaving_beard
HyZMiWeJyMw,trimming_or_shaving_beard
f3yWoK2gQ-A,trimming_or_shaving_beard
wsJLUZhtZTc,trimming_or_shaving_beard
1HEsa5SjDWQ,trimming_or_shaving_beard
81RniHCJJ0o,trimming_or_shaving_beard
sGAUWEgCTs8,trimming_or_shaving_beard
G__lySaTeNM,trimming_or_shaving_beard
0lekQBvudmM,trimming_or_shaving_beard
afD30smVRp4,trimming_or_shaving_beard
DUrBaVJrZgo,trimming_or_shaving_beard
6CAwur7rQys,trimming_or_shaving_beard
RkYFlgiNEpc,trimming_or_shaving_beard
vmNSRIKE63k,trimming_or_shaving_beard
oEm46ALZvAs,trimming_or_shaving_beard
1FTfLtv2uEI,trimming_or_shaving_beard
0CFcWn6lHv0,trimming_or_shaving_beard
K83GGwnhP8I,trimming_or_shaving_beard
I8Uz0f2lV_s,trimming_or_shaving_beard
GHqPqLSYE-w,trimming_or_shaving_beard
owe3-2oNxR0,trimming_or_shaving_beard
b_3dXk54ufg,trimming_or_shaving_beard
Eh7VWWyESak,trimming_or_shaving_beard
oL0FnGv740Q,trimming_or_shaving_beard
E1AMy49duMk,trimming_or_shaving_beard
t1ZDu5eM7Bk,trimming_or_shaving_beard
puSEdy6iHQY,trimming_or_shaving_beard
7f5fhEOiaxU,trimming_or_shaving_beard
-8xkFjix8cc,trimming_or_shaving_beard
Z3Wpu-8wiaU,trimming_or_shaving_beard
X9mmMztC1Vo,trimming_or_shaving_beard
zcLSyhi4Td0,trimming_or_shaving_beard
GIdLl3lf0B4,trimming_or_shaving_beard
5M-j2OPFm_Y,trimming_or_shaving_beard
CZfe0PkjvA4,trimming_or_shaving_beard
-1FlCGo8M4E,trimming_or_shaving_beard
ynJwdTpvAvw,trimming_or_shaving_beard
DZehTHzK004,trimming_or_shaving_beard
HNSo-aueVd8,trimming_or_shaving_beard
t7QEekFQI9U,trimming_or_shaving_beard
2Rq_J3aiESc,trimming_or_shaving_beard
Gkfv1S1qb0w,trimming_or_shaving_beard
iwjzitWtBwY,trimming_or_shaving_beard
xxuSUaA3IQM,trimming_or_shaving_beard
sRd1OxZJD6A,trimming_or_shaving_beard
9yFNou1nT_s,trimming_or_shaving_beard
GO1d1Swou5Y,golf_driving
prXGeIiSPQ8,golf_driving
gAOsSDTkxhk,golf_driving
rIMbGogcqOs,golf_driving
VElrGmw_YXA,golf_driving
n3IbRvlDanU,golf_driving
IKonv-whHXo,golf_driving
RAmkFqPXKF4,golf_driving
yRyVmaO5TU0,golf_driving
8qNOLE8Du7c,golf_driving
AE3PRASrhY8,golf_driving
f3XxDgrh8_M,golf_driving
OggmW9RQijk,golf_driving
tahiCqWr6Jo,golf_driving
0u4c8Cel91U,golf_driving
6CbAI0QPeSM,golf_driving
dhpzYm8xWYg,golf_driving
TbpoEQ-hOe0,golf_driving
08Exugf5OvU.mp4,golf_driving
xIHQ0z4WOhg,golf_driving
1Q-E6UW1XE8,golf_driving
pYKexDBJAYA,golf_driving
YUJXCPF39kU,golf_driving
3LbZwPYAa64,golf_driving
NTimjFnosxI,golf_driving
vVC8HWs8CVE,golf_driving
PKf3bBkLR04,golf_driving
bFTKUymQgng,golf_driving
be1bkMRFML8,golf_driving
RdamAcdVqpM,golf_driving
55atzobzpwc,golf_driving
guc6ZYTPj4s,golf_driving
agHnyx2NFfk,golf_driving
c2pnl2kFWDc,golf_driving
jr3uNxx0zT4,golf_driving
NawmN0n7j64,golf_driving
_C1kBQhX1tE,golf_driving
dOtoD9vmLLI,golf_driving
C8H4iQ2s4Ig,golf_driving
LaaPuezxneg,golf_driving
S7mydaX-7Uw,golf_driving
DfjXZtIrWwg,golf_driving
C3l5Lmaghr8,golf_driving
gQhXAY6rS-s,golf_driving
NwLAP2x6p-I,golf_driving
ttlgFX5vWO0,golf_driving
Zi_D4pueRWU,golf_driving
-L1mPUcEHQY,golf_driving
V3rzNdo3LmQ,golf_driving
CyqWCmRAEpE,golf_driving
pXKzqTFtvec,massaging_back
ZiHg0QW9lT8,massaging_back
Au706wL9qZY,massaging_back
E9MUwrZQ7xU,massaging_back
7M3utA5j6vU,massaging_back
1zzZMvGdhTc,massaging_back
P3_a-6f-EmI,massaging_back
Y82HKCij_cc,massaging_back
KvE-rO081is,massaging_back
97KLJJ6nXpU,massaging_back
GriF7tGZeuY.mp4,massaging_back
oX7WkOAp3qM,massaging_back
z_Yb-AbXEhY,massaging_back
lIYYq5pIv0k,massaging_back
ivw_Ubw3vgc,massaging_back
F5Y_gGsg4x8,massaging_back
jUT_rZEHU5g,massaging_back
h8liVGLbERU,massaging_back
GhGQ459R3mU,massaging_back
3sUEgt5XT2s,massaging_back
-0FzHADcl10,massaging_back
ZI-3JXzfyoA,massaging_back
zsJ2PmhGM98,massaging_back
zHYzVJA6yZc,massaging_back
mEHxbKEMe28,massaging_back
zNoBRvRhntc,massaging_back
2_mLuPuhy7Y.mp4,massaging_back
-C84yBh-fQw,massaging_back
615pgaYRRG8,massaging_back
_iPsOclRbwk,massaging_back
ZkCkgvJM_yA,massaging_back
dy7iQgW3IMs,massaging_back
8rdf_gSF1K4,massaging_back
z6oFh4gBEik,massaging_back
lw0hnkIDV08,massaging_back
k7y855WsOZ0,massaging_back
-GtH2Ue_7tw,massaging_back
7DSgr4hPV_k,massaging_back
cksergt2D7I,massaging_back
ikgmpDCWRyk,massaging_back
05lCjHF7sg4,massaging_back
BkP_f7PBXho,massaging_back
KgLEHSLsefk,massaging_back
MFU49FAFvAU,massaging_back
LJXNAVg9J-4,massaging_back
BdL_aocA0FA,massaging_back
PmgfU9ocx5A,massaging_back
c3sP9jBmqFk,massaging_back
8vNVXYT-x2A,massaging_back
9RgvlEDZYnA,eating_doughnuts
7-ZYJ3Yb3B8,eating_doughnuts
3WUESDiGU5U,eating_doughnuts
XxW7Yv-5Ngs,eating_doughnuts
3Qzzlg_SNGM,eating_doughnuts
S6OqpOPaKA0,eating_doughnuts
O5WVHsMjxpg,eating_doughnuts
GgkZrY0WGU4,eating_doughnuts
odzoy22fTfE,eating_doughnuts
2aSMcnH9l2Q,eating_doughnuts
RGE_8OAFDyg,eating_doughnuts
gKMny71164Y,eating_doughnuts
iSvgZsNgY-A.mp4,eating_doughnuts
S7JkZYnKWZA,eating_doughnuts
JNY_cXb-hTg,eating_doughnuts
xEIDqi9qhx4,eating_doughnuts
4WZQ02x3zqY,eating_doughnuts
f8bx31UO6dg,eating_doughnuts
ltiPgSrRjQw,eating_doughnuts
oNVLH9pOmW8,eating_doughnuts
qdk07A-zMVo,eating_doughnuts
Lod2Ijd8hTI,eating_doughnuts
wV8mKEOCO-I,eating_doughnuts
x6_3yeZd_9k,eating_doughnuts
-3L9Zso_oHg,eating_doughnuts
r9J2TOD3uT8,eating_doughnuts
QnYVgrlBYpw,eating_doughnuts
CFvJ-KuSgcg,eating_doughnuts
TXCy_lgIeJQ,eating_doughnuts
KFskNJpYcdc,eating_doughnuts
_vJF1tRYLt4.mp4,eating_doughnuts
BdS2tF_ZV-A,eating_doughnuts
xUMx8Ee5qrU,eating_doughnuts
apVMoEpMyrY,eating_doughnuts
4QIVW5uk75Q,eating_doughnuts
6sOWbCMMhWk,eating_doughnuts
tki6SMT90yI,eating_doughnuts
vF1bLkU-QfM,eating_doughnuts
9L_C8h131cM,eating_doughnuts
4-C-hTvJ6gc,eating_doughnuts
apAfhm4zseA,eating_doughnuts
euOxrZH8n-0,eating_doughnuts
7vCNUXH5xuo,eating_doughnuts
KwdJFJJD8HY,eating_doughnuts
7oQNMVPb7yg,eating_doughnuts
RPCl_8jAXV4,eating_doughnuts
pS0WDGZWV0o,eating_doughnuts
Bj2qJyBMT6M,eating_doughnuts
HyUF0Uo0f2A,eating_doughnuts
46qbkMr8V9U,trimming_trees
PDTacXB_3nw,trimming_trees
xO5V8RtT3Gc,trimming_trees
5dRnwv9ZiG4,trimming_trees
R6M9eREJy_k,trimming_trees
rk_ephxbbt8,trimming_trees
PoNb9_Mi4ZI,trimming_trees
dxe9LkBB4Q8,trimming_trees
KXGlzpX34Uk,trimming_trees
-1th54-55Xc,trimming_trees
H8XrS1ZADGw,trimming_trees
0sNKmQJkjTk,trimming_trees
xL9WhQECIgs,trimming_trees
5H02ohmoKow,trimming_trees
WWCCAx8GShc,trimming_trees
AdrLCOKHSPw,trimming_trees
EvA5ETD9BlY,trimming_trees
hjDBIypMgWs.mp4,trimming_trees
n7iL8wTg-9s,trimming_trees
ZcHBmeOCRUQ,trimming_trees
SluO14zxXCE,trimming_trees
JXOUYEfuURM,trimming_trees
lV4r_8tHGAY,trimming_trees
TuJAWU_t7Lw,trimming_trees
d7ml_vtM6Gc,trimming_trees
-W9AQZ-gUro,trimming_trees
onJJ8F70WEQ,trimming_trees
o9kGXRH9pAM,trimming_trees
iz5381HHKQo,trimming_trees
I2irnEWM7w0,trimming_trees
poghg7A8L7w,trimming_trees
yScDF4rZR4A,trimming_trees
fKj_j00MAfc,trimming_trees
0JvJreVLjvc,trimming_trees
Juf-o7e5OPM,trimming_trees
FbpFw3nEEek,trimming_trees
_9VGfxbuZLQ,trimming_trees
IQkNUujaNzQ,trimming_trees
THZq7Bwsdeo,trimming_trees
kX4aBuwGTO0,trimming_trees
Q_F85_VgKwM,trimming_trees
-78_S6w2N80,trimming_trees
fSJ61gXs7aY,trimming_trees
A8HHXIcXAVU,trimming_trees
z2d9Srt3QB0,trimming_trees
JJjXCED0jLU,trimming_trees
aN6QHznQ3CY,trimming_trees
_agtjsQnW7o,trimming_trees
O9G7HAX5R_M.mp4,trimming_trees
oF0zzafknHM,unboxing
DobQIr25XMc,unboxing
BdejysmsL-A,unboxing
bts_ZKpB82Y,unboxing
_o-nriPJtcM,unboxing
CFojlfPTomU,unboxing
JduQGUrDUbA,unboxing
BbPVtRkmQoY,unboxing
6qNqSPMvbiQ,unboxing
m6RF5r3I8dA,unboxing
0i1lP-WyXLU,unboxing
ARTWvo32zcs,unboxing
sufeABe_H1I,unboxing
_kbDGFjgKYs,unboxing
6i9EIqjzSes,unboxing
96AfwOj--qw,unboxing
JR6NVjBoiKg,unboxing
tN_dEZaVyvQ,unboxing
kE3LVziVavY,unboxing
RDsLaL_OnBA,unboxing
noCpVmgD0PY,unboxing
Jm1r-lF68dQ,unboxing
RUaFUkncgac,unboxing
PuPqth17abo,unboxing
PRIP0HApW9M,unboxing
etPWp1k5psA,unboxing
Qch4hbEobMU,unboxing
pOe0gAaV3T0,unboxing
Lyu1oyQs7BU,unboxing
wT0KvdmXSrk,unboxing
5lmmjOhih3U,unboxing
_iO190LumRg,unboxing
Obc2Urx2Nyw,unboxing
zcqHhMI79FY,unboxing
eLwpP1vIAo4,unboxing
0OGDlNNH14Y,unboxing
AaPaXxmsTgg,unboxing
U4fU6TXElH8,unboxing
mNH629FJ_g0,unboxing
w_d4GpaumnI,unboxing
vAn26RidT1Q,unboxing
bzUhx8PkXi4,unboxing
XgUZdOjWKpI,unboxing
mgH-po4ZbsI,unboxing
a1C9sfLFCMw,unboxing
iE1c5S_c5wY,unboxing
hE29Dt1o9lc,unboxing
UHYI4lHaclI,unboxing
3C4OGrKPpUk,unboxing
RtDDK_Q-Qrw,wrestling
iJybVigAu6Q.mp4,wrestling
SLHqXKWlQx4,wrestling
ETAqGJ7_FRQ,wrestling
aRejzy4hrjo,wrestling
RtaXRJLIziw,wrestling
l6yiQOutQmQ,wrestling
Z0nfPTEEOLo,wrestling
RtJdVHT1ZkM,wrestling
Rtkcma0SD_I,wrestling
yw6BNpz-z_Y,wrestling
QbDMgHWwt_s,wrestling
KbIRKFTtSxk,wrestling
UPoWxo4Fogw,wrestling
RtOe-FxLrz8,wrestling
SLFc6WXPdAc,wrestling
wuwosfwfUvw,wrestling
IPOxlJCTJ1U,wrestling
PN7G-TMzUlc,wrestling
aRV4rcqwme0,wrestling
RtEkCritG_c,wrestling
RtFa1AMua5I,wrestling
UPmPkdaHMHM,wrestling
KbOqOj7lzsg,wrestling
oedu_zW75h0.mp4,wrestling
UQRDFF3ZK7o,wrestling
RtsV72fCd7c,wrestling
CFLYr9t7oVs,wrestling
e9Engwappxk,wrestling
p7gsSdvZyG4,wrestling
wvv5BQBumH0,wrestling
yxG9LiGMtRU,wrestling
PLTEMu8XQIs,wrestling
IQHsCcud-zE,wrestling
14-8ECXgd6A,wrestling
wuZmDB5wsEM.mp4,wrestling
oeg6t8K-UHg,wrestling
IP1FP6XqHtE,wrestling
m9L74hkTkyA,wrestling
c0cAryEFvHM,wrestling
amyWM-BZKQA,wrestling
UP_iRJv5mPU,wrestling
5sr0Wgmn7BU,wrestling
IPVz9LcevTs,wrestling
wuiRTzkYl3s,wrestling
UPWl0edoFtg,wrestling
e7yErBOky1E,wrestling
-BaXTkiViAE,wrestling
_UHqvOqbqzc,wrestling
9vAGx0mL0-c,wrestling
PJoGicT-iTE,krumping
x55Xn93GB7I,krumping
Npqardkf-Do,krumping
lrceZYtfTQk,krumping
UQHLLWVLPbI,krumping
M6kYpQ_biCU,krumping
Pt_rvaCpbQk,krumping
o6NRDIu4qrI,krumping
HwwrzXuuhtc,krumping
OM4w5Q9_wJY,krumping
3JxrK2Jt52Y.mp4,krumping
8fdbGfKXq6o,krumping
RzEMZ5VoHao,krumping
ZSdBfJHSiIM,krumping
GltBTBXrmuc,krumping
gQW9JsOgF0I,krumping
kr9ms1sZGnY,krumping
hclUocr-2F4,krumping
e_2cryzWTwI,krumping
nJ7pGs23l7w,krumping
e9NpPWZuzTw,krumping
EjJNJmSp-4o,krumping
oU_upEogUzg,krumping
9JQawq0er5s,krumping
gtNouSeLNmA,krumping
79SK43KrK-4,krumping
MebFXQhGIxU,krumping
pAhQafadPT4,krumping
rxAPPZaS18Y,krumping
KOPGMFXaR34,krumping
KOOgalws9eY,krumping
x5jhu1V9Bb0,krumping
CKNTeuDS744,krumping
5YkINInb29k,krumping
WpJe4dtDu_k,krumping
CQfl-rHZrm4,krumping
GTr3wXCclpM,krumping
pe4IRaiaqOg,krumping
oHCX1hgyylY,krumping
1pEaxLFdOZY,krumping
lgneXmJuthQ,krumping
5wzGMlYQzDU.mp4,krumping
3w29noJ77UE,krumping
oRmBV3E3KyM,krumping
lLUTwVgNrx8,krumping
4lqNARilMIE,krumping
88blFUy2gAU,krumping
Qpe2bofGlXs,krumping
lMn2pmEkt0o,krumping
UEaDhyKFr7U,pull_ups
RQhU-oxOU4A,pull_ups
O-q0UK1CV-M,pull_ups
cMIycT3cpFg,pull_ups
ssAca7Zvt-o,pull_ups
lgdLMwke-Ak,pull_ups
C1yLT-4rwqA,pull_ups
tG2828BYwHc,pull_ups
88hPGnxh_Go,pull_ups
0vMCq_b2nFo,pull_ups
U7fP08R37EA,pull_ups
xvF3t9V5axc,pull_ups
AV9sB40vvZQ,pull_ups
yLVMDD7b0xM,pull_ups
UGFRvAB22fg,pull_ups
QjbZb2U-1b0,pull_ups
VLQ1dlDh7Qc,pull_ups
AiVMAXr8E9o,pull_ups
mdm2VPKdW-8,pull_ups
ZzRaXn0mGF4,pull_ups
2ssA3WpaB14.mp4,pull_ups
wx3fHroD9Gg,pull_ups
y4UtUJeE5Vk,pull_ups
4Ec0RmbA58A,pull_ups
By6Q1K6y1-4,pull_ups
fBcw-xGGxZI,pull_ups
NlNIIPQRCB8,pull_ups
--rd8woSLiM,pull_ups
52YQJfX1vQE,pull_ups
QSoCJSTW1qE,pull_ups
OBC8nbM4wcs,pull_ups
Kg-46E8TyZA,pull_ups
ENMZ3yxq1dM,pull_ups
dtvtA7H_Y1M.mp4,pull_ups
Iw3X6M-uzbg,pull_ups
g33Z7amSXQs,pull_ups
PTT6LnLSAnY,pull_ups
vW12O0mCWKw,pull_ups
sm_CjfH0U0A,pull_ups
j8_xX8q9ZV4,pull_ups
wvBTah2TL1o,pull_ups
jeCfdvfGGFQ,pull_ups
foVSvlCcnGU,pull_ups
brpaoi6BiQg,pull_ups
Jca4OltFa2Y,pull_ups
DfSyWAfV8mg,pull_ups
lN5WFjkzPbc,pull_ups
AjmI_Z4evMI,pull_ups
ODOHBqO3zzw,pull_ups
AvtxDbRUR48,pull_ups
aBDUIoLRVXc,beatboxing
UQIvW2n-jp0,beatboxing
LW3YaXGv5Mc,beatboxing
UP1TePkCdMk,beatboxing
SZYfXnoTmPE,beatboxing
yxEGKC4YHes,beatboxing
9F64vcwMFyU,beatboxing
KbMAhi2s-go,beatboxing
9vOJ_EAXmhY,beatboxing
ZR1fxdkIInY,beatboxing
DW_S9heX-CI,beatboxing
HnHjV7Jev48,beatboxing
5S0S8Tft-hI,beatboxing
5stYKzFNDBA,beatboxing
bNym1Z5V3S0,beatboxing
f9Hl6hXOmOo,beatboxing
9GI-CTGudp0,beatboxing
OGJtkj0jI7A,beatboxing
EUnzrSuhd7A,beatboxing
x5llzmMsVVQ,beatboxing
ZSYJC8QOoh8,beatboxing
CNy2f7f_gxg,beatboxing
KaydIYnjxcA,beatboxing
wc-j_iMZGSM,beatboxing
KavOoTSFpis,beatboxing
bsEhjvqL4cw,beatboxing
ZnFXeAFy2pU,beatboxing
5J2GWdeaVQ8,beatboxing
SZZk7jJAhZ4,beatboxing
hXztequDRPo,beatboxing
U99IOEerPLo,beatboxing
hgZfdMsARZk,beatboxing
RtJ-HMpBko0.mp4,beatboxing
zpheAE3NhS4,beatboxing
Xx6O2OK8aLc,beatboxing
hY7VHetxSYk,beatboxing
fzeIUdxSoIQ,beatboxing
RtLoIMLSbS8,beatboxing
POrg0Yfa3TE,beatboxing
XAcMiXAKtE8,beatboxing
rYnVViYbae0,beatboxing
zvWzFXOZwPE,beatboxing
UQP8kz5kAKg.mp4,beatboxing
Hv7fi21CdG8,beatboxing
-gt6igM1O5o,beatboxing
Hm2Rlz_YafU,beatboxing
oxIepnsoNc8,beatboxing
tBYysAW5lmA,beatboxing
DVzHuIXkrRE,beatboxing
euRfS7j90ZA,hurdling
qnoPGZUO4xA,hurdling
hKdVTLOym0U,hurdling
QpmUBKcM-S4,hurdling
UytdOEGAZbs,hurdling
omTYfJegx0U,hurdling
AYHbK7Ba50A,hurdling
cOktW9SKRBM,hurdling
Rw2diHglcQE,hurdling
nn5f2xC54dI,hurdling
WstAIUtk7c8,hurdling
HeHaCIdpRdo,hurdling
de0NfvOCtno,hurdling
KLpPPlAfETk,hurdling
zjJ9Nc3i5oU,hurdling
h1O1_-BDYGQ,hurdling
GDHCL0P8JBs,hurdling
V7WWYi7kGwA,hurdling
0zMcxFK-LrM,hurdling
BIPWkY0jIXA,hurdling
q2-YgfjojXw,hurdling
LFTgPZD6h9U,hurdling
vhEYKnDIrYE,hurdling
Q99scMw_PH8,hurdling
lBg84JYUZHM,hurdling
1ZP9LHPTwwg,hurdling
vkiDaufiMNs,hurdling
RZXH93__XNY,hurdling
7QHz8gtB9N8,hurdling
BzGQQfDpcfY,hurdling
g48BOJHjdKE,hurdling
mx-PG3EN02c,hurdling
k_p_QdDeGCM,hurdling
Xa6gI4yGLQo,hurdling
yammZCAL1HQ,hurdling
mbiFfF25BYg,hurdling
SQc2ZVyJneo,hurdling
jAcH3v-R8_w,hurdling
Py1QIMNFc80,hurdling
Q1K5AAhUbJk,hurdling
-zA6BKg9ni4,hurdling
vNOJj2XzgzA,hurdling
e9uK5NIR8z4,hurdling
JlwpQhOj8Wo,hurdling
w3mLvqr4_RQ,hurdling
keFnOl0RleQ,hurdling
MB5ErocAjTI,hurdling
0uXd4qQfICw,hurdling
Y5_TKusjrNI,hurdling
oUlbpoJQU0Y,hurdling
KADpjJ1fj_I,taking_a_shower
A49R72aErHs,taking_a_shower
hfEl-0efOAU,taking_a_shower
72Q8YrtVEIo,taking_a_shower
8PLcqX4f2lU,taking_a_shower
YuMn6s4QQPY,taking_a_shower
CFG1A-_Ed2s,taking_a_shower
B23pN3O7oms,taking_a_shower
zW5Gt8bfZbc,taking_a_shower
a8UEUsCYgFo,taking_a_shower
4wpagt3ZlCc,taking_a_shower
-aVL2ammbT4,taking_a_shower
pFMMOOwwCmw,taking_a_shower
cS3uQbwZt2c,taking_a_shower
H3LR-XTm2FA,taking_a_shower
H_2h3E1IQfY,taking_a_shower
ZQPOHo5G1z8,taking_a_shower
B2dEncQ_E68,taking_a_shower
hw77w4xLZa4,taking_a_shower
yfcvcrH5F8Y,taking_a_shower
hra94OJmIlM,taking_a_shower
mGcdm6KeGfU,taking_a_shower
XAvtoa1x5_o.mp4,taking_a_shower
ghscsauYOzM,taking_a_shower
gVv8b4wo3JI,taking_a_shower
Vrw5KMnCAQQ,taking_a_shower
cV6cVHOKtOA,taking_a_shower
s5F_cYFgSsA,taking_a_shower
8kCSynmsIK4,taking_a_shower
TTFRP0zDYRI,taking_a_shower
T3ud0dj3Z8E,taking_a_shower
TUnHkHbh3gk,taking_a_shower
mhRT4eB6cGI,taking_a_shower
DOVh-taDZ5k,taking_a_shower
AsruqulWma0,taking_a_shower
9WdUpvaEN8k,taking_a_shower
ozcpnxEQhCk,taking_a_shower
YtfUucbdhmk,taking_a_shower
sthMXTjB0t8,taking_a_shower
N0S9XCbj20M,taking_a_shower
CEtzwMzIGJQ,taking_a_shower
GsHzDYOArsc.mp4,taking_a_shower
fHHxqljpHGU,taking_a_shower
qmEetAxzAF0,taking_a_shower
aWm-LdW00Vw,taking_a_shower
RAZC6wFN07Y,taking_a_shower
OzHDhu72FP8,taking_a_shower
3RdzszuykC4,taking_a_shower
CwBcAwIn_6Y,taking_a_shower
QC5Zscj3reE,waxing_legs
8dCn0eGepTI,waxing_legs
8faSF65wxbU,waxing_legs
doNG28eRxhk,waxing_legs
HIQVoZW1-6E,waxing_legs
QLG7JT6SrXo,waxing_legs
5phTv0WNhYY,waxing_legs
1e0GSTtyBYU,waxing_legs
E9NFOgBeIcM,waxing_legs
yAQHCzTfStg,waxing_legs
Z_4T9dLrOn0,waxing_legs
ufXJjbXdPMQ,waxing_legs
i1gdUWrs30c,waxing_legs
d2GgotB0jbA,waxing_legs
_uTsYaKYybQ,waxing_legs
5uzaOiQceMc,waxing_legs
0wK9fOQWsRk,waxing_legs
-q1rHTApl_I,waxing_legs
y3H_CGTd1tc,waxing_legs
Lzyw6d2M3V8,waxing_legs
D3XaEsgkZYA,waxing_legs
D0uh7ReW0cU,waxing_legs
dzeivZlP6tU,waxing_legs
Q6u0BXr6ftU,waxing_legs
Eeqf2DjDBWY,waxing_legs
pXFnjBD-KRY,waxing_legs
STN3I2kxciQ,waxing_legs
Mc_hFf0ADvQ,waxing_legs
o6MV11fXZkA,waxing_legs
ESeNZMam9hI,waxing_legs
Q8_JaCpYq7k,waxing_legs
Wrvj5iz-wwY,waxing_legs
h4U7QKd6i2M,waxing_legs
O4Jg8RCIZsU,waxing_legs
sN11Lu6D6uc,waxing_legs
Qn0O-91PC2E,waxing_legs
_OXQbz2nBUA,waxing_legs
M_5appUfxL8,waxing_legs
Z6kLZSXB5vE.mp4,waxing_legs
SjujXoi2z7w,waxing_legs
3NBJDqLeRzM,waxing_legs
OeZAjVFgR20,waxing_legs
iPX9pI9zhTc,waxing_legs
JO8l9d6WehU,waxing_legs
DkshuoeXT_I,waxing_legs
SDKBtSENGOA,waxing_legs
ZRSJCUt4X0g,waxing_legs
-cinD9tnIwI,waxing_legs
E9ap-6-UiMk,waxing_legs
WeL8Ie7hCTo,waxing_legs
cZTQmKoveqI,tango_dancing
dFDdr9zxfzc,tango_dancing
rhMRVESzFZI,tango_dancing
Hra3teAHvnw,tango_dancing
RSLcOCojh24.mp4,tango_dancing
l5WBulsSv0A,tango_dancing
B0xZ0e4tqAU,tango_dancing
WZ7EVLPZNYs,tango_dancing
RPbeAbV3mX8,tango_dancing
cg-RlxtZ0NY,tango_dancing
-KSenkRK0EE,tango_dancing
bSKe45ZLGr8,tango_dancing
tcP36vVwy_E,tango_dancing
aj1d90iJH1I,tango_dancing
NxYYhpVIvEg,tango_dancing
TApj5pZpIbw.mp4,tango_dancing
G0ouKKUWPHA,tango_dancing
fT8BdRZNfTg,tango_dancing
zqrjavatnQ8,tango_dancing
fXY03C0bqHk,tango_dancing
1BTNiR373PM,tango_dancing
1HAFyrfYUVQ,tango_dancing
ZTACAngMXWY,tango_dancing
IdVVUhYkLP4,tango_dancing
kszsc2Arndo,tango_dancing
mRxszKxUibU,tango_dancing
t8w_38O-fWw,tango_dancing
UyQ5vHj0fNU,tango_dancing
0vlyI0pEXRs,tango_dancing
OXLpWH9yYIQ,tango_dancing
WLR61vdrMXk,tango_dancing
xihIy0IQn9I,tango_dancing
4iQrKQT-294,tango_dancing
hmooxvQM1TE,tango_dancing
WEQbqLqRvOY,tango_dancing
mQwasbmfWBE,tango_dancing
Pi9xrUH32QY,tango_dancing
DL3TTBaSE4s,tango_dancing
hC7lESvyJt8,tango_dancing
Vn_rUt9iems,tango_dancing
KSO_-RQqWXU,tango_dancing
iBSPgEW4mLU,tango_dancing
hJ2SPDIZH3U,tango_dancing
bVcvvdkhoFo,tango_dancing
VStOE59Qz-Y,tango_dancing
dUbueHM_668,tango_dancing
iiQrdMwNask,tango_dancing
TcXkhoyfULU,tango_dancing
JKAtNVtZj1Q,tango_dancing
5zNpOlB53hc,tango_dancing
iVLuQ9fIW6s,faceplanting
wu3oEKpw6N4,faceplanting
VN3-h6-aAls,faceplanting
-0ew-c0w7uc,faceplanting
Q0ITIDt6Z7E,faceplanting
4J22wFT7-LQ,faceplanting
rpaTvmTPC0M,faceplanting
aBJnzTcJ70o,faceplanting
petld-72OXM,faceplanting
u5u9y_ltKCI,faceplanting
YctaL4a56_A,faceplanting
AX_CHNc1ThA,faceplanting
y0f7calGty4,faceplanting
J5n1A-NCuxU,faceplanting
ad0MgJg_MBM,faceplanting
hlUDq3QKZo8,faceplanting
Nh25jQx6Y38,faceplanting
mKAvzPnh_Yw,faceplanting
dXhPdo54Eko,faceplanting
HeEsL9yTiKg,faceplanting
-ri90Xykrxg,faceplanting
VQrWQbZZYvs,faceplanting
wdCcRngfyZw,faceplanting
cjk3tn-kqkU,faceplanting
8heUql3B7hg,faceplanting
JqEEGvPSxxA,faceplanting
NgVb5pZw8Ak,faceplanting
3ht3zPeo7x0,faceplanting
8EMK8AoG3h8,faceplanting
iLpLgzIQIkQ,faceplanting
94uIR7fT_KM,faceplanting
r81d5eNm9Rs,faceplanting
tChIbM9u7t0,faceplanting
6WPoVkWBBBI,faceplanting
0MJ9Rk0k92Q,faceplanting
83DIh7MkoG8,faceplanting
e2LIBGlv2Ds,faceplanting
6q7v3O77NOI,faceplanting
GhG5PXDqmUY,faceplanting
fTob9z1OrpM,faceplanting
r9INzx9GaAk,faceplanting
tNc7TNzZ9VA,faceplanting
kwuAR3lbRxI,faceplanting
_PwXWcCPrGA,faceplanting
wL4EN5CBU9Q,faceplanting
yaPjTamKpKE,faceplanting
3M8j8pPfGDA,faceplanting
oOpaLCB7PbQ,faceplanting
tA2patyR1Pg,faceplanting
TrgEFiyajaE,sharpening_pencil
wW30HAl56Zs,sharpening_pencil
7Wrgs-FnDj8,sharpening_pencil
7sJJCsW__i4,sharpening_pencil
mORONsqstYg,sharpening_pencil
N_RpAIaWEfA,sharpening_pencil
wzw3hp0LQYM,sharpening_pencil
WoqhMaPGGqY,sharpening_pencil
aj2s1GLbLYo,sharpening_pencil
rmZd2zjm8jk,sharpening_pencil
cnXFK3FKpYs,sharpening_pencil
qUUxvovZvxw,sharpening_pencil
rFdeM76JREg,sharpening_pencil
PJcXk9F8sIQ,sharpening_pencil
aCdGR9plu0w,sharpening_pencil
MhHzvOcN9i8,sharpening_pencil
Brsxa_qHXNM,sharpening_pencil
TVVXNlW30gY,sharpening_pencil
S0czUcjG5DU,sharpening_pencil
F-QAFKSgiAE,sharpening_pencil
ngIF5wp65e4,sharpening_pencil
sLMxGBnDr1o,sharpening_pencil
eG4cnkg68q0,sharpening_pencil
Xo_ULY5HZrw,sharpening_pencil
K2uTgNHJN2E,sharpening_pencil
592x25apz0s,sharpening_pencil
nIhVmEwpv0g,sharpening_pencil
VsP_SIkiXS0,sharpening_pencil
FGj7-Cxu__0,sharpening_pencil
sgmF8symn3U,sharpening_pencil
dGyqm9lcyCo,sharpening_pencil
ZcGuRU2DyZI,sharpening_pencil
JvY5s0Ap1f4,sharpening_pencil
prRDQNadPs0,sharpening_pencil
R4fq1kBPLfw,sharpening_pencil
3nAvLrnCOPM,sharpening_pencil
zNVHR_xNyKM,sharpening_pencil
rRMXr5HRGYY,sharpening_pencil
Wrrld48YzXw,sharpening_pencil
Gu2BTszELMU,sharpening_pencil
8OIxUG7_HG0,sharpening_pencil
Zg22H8O_qEM,sharpening_pencil
UdJfHWKpCsc,sharpening_pencil
ZYFta_Xrkb4,sharpening_pencil
2FuCzhX5hWg,sharpening_pencil
onSNVrm-VCQ,sharpening_pencil
NW88EDC00U8,sharpening_pencil
kmfxsDJmiIg,sharpening_pencil
ZMMCn1JE0Vc,sharpening_pencil
aaPtXB9SFYk,sharpening_pencil
F3JNKGPOeVQ,playing_flute
t2s26LT632o,playing_flute
Tyzazs5lL_U,playing_flute
-0cS8MCIJZY,playing_flute
HVJa3eWKORA,playing_flute
9_GQ2Sz20ds,playing_flute
jlCKu2G7LvM,playing_flute
zkbnKBewRLA.mp4,playing_flute
g85OdlEOBb0,playing_flute
bjO2jkYQvuA,playing_flute
L61yQxW8HVE,playing_flute
yziITbgU96M,playing_flute
QAs8dUX9q04,playing_flute
lslCOZErSyM,playing_flute
BVMxdSXghoI,playing_flute
ONMU_XV1_cY.mp4,playing_flute
9LgEYr5pz5k,playing_flute
OxmRIHS8rRM,playing_flute
t1ni9cjLRl4,playing_flute
vpsHxcIzsgM,playing_flute
WwZv2UcULCo,playing_flute
xm3vBKtMOtg,playing_flute
wqYzrDwV_o4,playing_flute
crfrKqFp0Zg,playing_flute
M_6oQOAMe0s,playing_flute
PEWUmwI64D0,playing_flute
LUHxTmDdd64,playing_flute
Bnj3mVn7kac.mp4,playing_flute
ifhl1Jydbyo,playing_flute
dZTRnHfAFX8,playing_flute
VtR31IqdFJg,playing_flute
67vhJRyiwmI,playing_flute
jkTtUNGbFCA,playing_flute
i19QMf2wtLs,playing_flute
-SdDjLIkBHc,playing_flute
KbMN-k3M2D4,playing_flute
fhCvoCCR3n8,playing_flute
t-E-59ZPuJ4,playing_flute
zTvft-vbs5k,playing_flute
QaqGD09CG1k,playing_flute
ayoOPaX9lpM,playing_flute
iZQL9NS8BxU,playing_flute
5rZzxIgLlPU,playing_flute
B5V-gDdYI4Y,playing_flute
JxgdVCrokXQ,playing_flute
8GSgaJsoJ-A,playing_flute
NiDp5pLpSQg,playing_flute
RDKPBpBWyLU,playing_flute
lgxATy83gf4,playing_flute
8NbCX98lCIU,passing_American_football_(in_game)
Wg6hdKMUf9M,passing_American_football_(in_game)
WV1LT7Z2pcs,passing_American_football_(in_game)
MXt2pomyyt8,passing_American_football_(in_game)
__lt03EF4ao,passing_American_football_(in_game)
L89FX34lmsI,passing_American_football_(in_game)
yrfFFQJNn1Q,passing_American_football_(in_game)
fWKNCJr_RxA,passing_American_football_(in_game)
2gD3nshZPBw,passing_American_football_(in_game)
xME1X5_D88c,passing_American_football_(in_game)
K8vBVVe_QSs,passing_American_football_(in_game)
KlzJI2wQafk,passing_American_football_(in_game)
rtCrCuN46WM,passing_American_football_(in_game)
1pWCgNggH5M,passing_American_football_(in_game)
9Rt2EMsYXXQ,passing_American_football_(in_game)
-b6gqj_mZOs,passing_American_football_(in_game)
JmjV8r8tvz0,passing_American_football_(in_game)
HL02WfHzH1s,passing_American_football_(in_game)
-HxBTALkZT4,passing_American_football_(in_game)
yrADpETYnUg,passing_American_football_(in_game)
DYpTE_n-Wvk,passing_American_football_(in_game)
7cGg4sdG5KQ,passing_American_football_(in_game)
hORZWmhCk3c,passing_American_football_(in_game)
IK8q5utAAF0,passing_American_football_(in_game)
1Mc6Krmttw0,passing_American_football_(in_game)
ZcYT82-Agrc,passing_American_football_(in_game)
twzMs05FvWQ,passing_American_football_(in_game)
A1GyD1xuAbk,passing_American_football_(in_game)
zrXk32DM3Fw,passing_American_football_(in_game)
chN87Lwj4RM,passing_American_football_(in_game)
_rS3ufHdRtQ,passing_American_football_(in_game)
q7tvMXsXCXQ,passing_American_football_(in_game)
Nunqc8rPktk,passing_American_football_(in_game)
CXeq7GiuePY,passing_American_football_(in_game)
9E1KtFdU2g0,passing_American_football_(in_game)
odt54ATghjQ,passing_American_football_(in_game)
uzsJgLcvHoQ,passing_American_football_(in_game)
bkObwMM5ZFY,passing_American_football_(in_game)
K-FMTC9VWG8,passing_American_football_(in_game)
NVAuLnPUsgo,passing_American_football_(in_game)
TOutc69ZBSY,passing_American_football_(in_game)
q_AVvGVuIzo,passing_American_football_(in_game)
gSMM1fjD_xE,passing_American_football_(in_game)
f5WUgvASdkM,passing_American_football_(in_game)
NcuHH57heWE,passing_American_football_(in_game)
-vRY0Qrvz9A,passing_American_football_(in_game)
p8On73vMA1A,passing_American_football_(in_game)
ixMPVi3Zr9s,passing_American_football_(in_game)
I5VWtiujA5s,passing_American_football_(in_game)
yUb9zN3Nkbg,passing_American_football_(in_game)
bVuiuqmDYaw,braiding_hair
A0461GgJqo8,braiding_hair
VWIs5TlwDlY,braiding_hair
g6YjwYGwSlI,braiding_hair
Ebd_HW6mpj8,braiding_hair
mWVYVXHb9Ec,braiding_hair
ikA-8BJZM9k,braiding_hair
luu16-7mxfQ,braiding_hair
zn9plPLDLpM,braiding_hair
u_eaMA4pP_Y,braiding_hair
Dncwcs_ZR9o,braiding_hair
H_fgkFci07w,braiding_hair
rMoHsms7b3w,braiding_hair
lsjxIz_gjM8,braiding_hair
oCnp2k5Ls_k,braiding_hair
JT-km26Fo-w,braiding_hair
MzhbE1hlbTQ,braiding_hair
0uswr636GWs,braiding_hair
2RsKsfdwuBA,braiding_hair
04aY8TpMxVM,braiding_hair
InVBB4B9_zg,braiding_hair
pvLBOUEOQOY,braiding_hair
kspFiOTYnWs,braiding_hair
vDn56kJaQbA,braiding_hair
bHbQ50u-yEo,braiding_hair
TvzMrSu7HiY,braiding_hair
N3fVkMZmz8g,braiding_hair
sYp1BxddIi4,braiding_hair
X6j9sEV0A2c,braiding_hair
a8mpJKj2mgc,braiding_hair
siVud4eXZx4,braiding_hair
p23B5UJ_0cc,braiding_hair
kgorfY_OPAc,braiding_hair
-154370L9wE,braiding_hair
nOnm43fNETs,braiding_hair
ZG6iFmw1vYg,braiding_hair
-dLVSg5JvxY.mp4,braiding_hair
01R6cmvFbZI,braiding_hair
RnktUd6GQKs,braiding_hair
Im6LQB9yZh8,braiding_hair
uoxZarWopVk,braiding_hair
3vKtuy8t9s4,braiding_hair
Rq9Snez4c_0,braiding_hair
Z-vakz1xcqE,braiding_hair
fRR-rFGoVX8,braiding_hair
bIqMH9Yq0-w,braiding_hair
mj6cV1fWYOY,braiding_hair
6WYKdvIBsFQ,braiding_hair
fK4kD8fXswE.mp4,playing_accordion
pCIVES7QhyQ,playing_accordion
1gQkxY9-sL4,playing_accordion
Pl3bGArc5vI,playing_accordion
bei0Be7pJQA,playing_accordion
bChPXNG4JZc,playing_accordion
yU1D-OMYw6o,playing_accordion
GqIVXd-dtis,playing_accordion
0yyodmE6cGg,playing_accordion
DYyukPFYRUg,playing_accordion
fo6pBl3CM7s,playing_accordion
ABnQrFG971o.mp4,playing_accordion
T97WL2cKD6M,playing_accordion
v81yYiZTOtw.mp4,playing_accordion
jEeV0LPXPxI.mp4,playing_accordion
hDeDDXismDU,playing_accordion
k8ahScpAUMc,playing_accordion
CeRJMNdNR90,playing_accordion
OtUxN7tXEXU.mp4,playing_accordion
U_D-B-xXgys,playing_accordion
mEko7SMbIJg,playing_accordion
qItJwyMMie8,playing_accordion
hOSWyMZvWec,playing_accordion
yiIpsWdwxwk,playing_accordion
g5eC8EsmIXo,playing_accordion
tCCzoeyYHbY,playing_accordion
BXdLkM8ed2c,playing_accordion
V6li0T_bsw4,playing_accordion
HehkBOvgFAY,playing_accordion
LxwtZ6YMyNk,playing_accordion
2GhcqTJoEaI,playing_accordion
syp1O0cjens,playing_accordion
qzL4t7E-ZNw,playing_accordion
SYGDjUNLYB8,playing_accordion
nrF8FOuvACg,playing_accordion
GgOCTNRyCpg,playing_accordion
YgXLcOtQcSg,playing_accordion
UBvJD2xjtvY,playing_accordion
vHLLAEj3Cl8,playing_accordion
NP7yfmnxohw,playing_accordion
N3xWCui6fNY,playing_accordion
MCSdMEXMg9w,playing_accordion
rVw05V3fI88,playing_accordion
EIJGzKnlMRM,playing_accordion
6-t-BUbr8V4,playing_accordion
yX4IfOAat4s.mp4,playing_accordion
5YOdoN7vlsI,playing_accordion
Psktdk-zi2I.mp4,playing_accordion
xNz65ouVPGo,playing_accordion
O22ejFcKfo8,push_up
SpndsVCQwYU,push_up
RYQhI6j2TuM,push_up
-Qa30gmIA3E,push_up
S3TZVdwUpEI,push_up
v5UfN6dUVcs,push_up
2vZAl9Ylt64,push_up
sES4OiQt2n8,push_up
lDU-ttt3YVs.mp4,push_up
Lqdka8XUG50,push_up
2wMk-qSPpLk,push_up
aogvBUMzTC8,push_up
9BVDtOrkywI,push_up
bGVdtcyAi2o,push_up
oeYOvhsLPeA,push_up
UoQE44FEqLQ,push_up
AmyNuR-wjA4,push_up
7Cq2K8_pMuQ,push_up
r5P6OizurCk,push_up
WZ3LM-KXqBw,push_up
a105_GJe6io,push_up
-3pjDfx73Aw,push_up
_M1NA9e8ajQ,push_up
2GpcDUrov90,push_up
Rql7r5hedG4,push_up
-B2oGkg1qSI,push_up
sofj9_NIIew,push_up
HkYNX9YpVtk,push_up
-51he86iZCY,push_up
igPW5PyFml0,push_up
eRlEMrUxvaM,push_up
ufmAkef7k7M,push_up
ADaxhBg1di4,push_up
tdvTtuExYPc,push_up
0rKdvMAQWGs,push_up
j6K-OdS6nYM,push_up
vhcRlQi_QAk,push_up
nYEPAlAHH0c,push_up
TYdrmMboQVg,push_up
3RFdC8EqTyE,push_up
d3wAbcqv07c,push_up
neEsBVxcvWk,push_up
7SLhk7mgozA,push_up
DO4tzmfzrQE,push_up
lzrcXYJ4kSs,push_up
HDaWPTiOt9M,push_up
qGhPBusOEXk,push_up
v35dzA0Qdg0,push_up
oGLY8G334yU,cheerleading
mfkizZv91-I,cheerleading
WPE7-WrWOVU,cheerleading
_GRAWdMoJIs,cheerleading
XbCncZcXuTI,cheerleading
-WEkSYkXrUM,cheerleading
6LOV6-dkNZE,cheerleading
mSvYTWkVBJA,cheerleading
nodndUmqqOg,cheerleading
SfBATx53wYk.mp4,cheerleading
QxNcjUXEGlw,cheerleading
HD6mkc5NsHI,cheerleading
RLYzsL-bk_Y,cheerleading
f0FEF3RHvJ0,cheerleading
liS4SKmE3DQ,cheerleading
e4e_VacvN9A,cheerleading
YkkrNECNrJo,cheerleading
CXC3mTNNQu4,cheerleading
NAeXDvPrPiw,cheerleading
c-NMYO26O-Y,cheerleading
z2jiyBe_GQ4,cheerleading
Gaka1NW8IMU,cheerleading
GpPvaesEbZA,cheerleading
KhncoTehUh4,cheerleading
A7DMjBZyvDY,cheerleading
Qho_d5jmiE4,cheerleading
kjgejOmW3Sc,cheerleading
YxMzRRdhrfw,cheerleading
fR7-AmRLWtk,cheerleading
XhyTvk_VJ3I,cheerleading
SgQJKL_Fa88,cheerleading
zZMTOuHWPIg,cheerleading
gj1J9mTxuu8,cheerleading
PlwluBqrEzA,cheerleading
15KsrKdmFAY,cheerleading
cJIf02Vqhtc,cheerleading
2IF0OZuFmX4,cheerleading
VEtW1JRWQoY,cheerleading
rVu3BG3xzwc,cheerleading
h-JWFxsDg7Y,cheerleading
eilUOeSMNc4,cheerleading
Wl4hvbmuV3E,cheerleading
ELIqTHKEEQE,cheerleading
k_FzVIIlu74,cheerleading
whgENzmsxkY,cheerleading
NEol4wgSLRI,cheerleading
4-F8SE8Pcws,cheerleading
g-AB1JPafns,cheerleading
wPg8f8VKAUw,headbutting
dGWceu-2g4U,headbutting
gbRGBcYVkEw,headbutting
PzD2BkZye2U,headbutting
baNE7y4yHKg,headbutting
cfStSY9dpCU,headbutting
l7Gu4f_poyI,headbutting
FNcDJKK4zBk,headbutting
1x6mWuYwruE,headbutting
d69_vu5xync,headbutting
reFsmQ8e0K0.mp4,headbutting
opWk1RGbPmg,headbutting
BKT5CRV_418,headbutting
CLfvN3g7reA,headbutting
rFauTHMNsfs,headbutting
pSjc6_p2wD8,headbutting
q_8hDVV_83I.mp4,headbutting
AChHPIKGDg4,headbutting
uozo0l3Wtqg,headbutting
SCet_oSUrEg,headbutting
pTQGGyUuJtk,headbutting
ei3WgytfXnw,headbutting
OZAkcJDoBOU,headbutting
D7qJTi_6rzQ,headbutting
rEfeiHjewiI,headbutting
glw3qH0tyWs,headbutting
culNKOLKAic,headbutting
YksL9pae3Fg,headbutting
mpc567YjueM,headbutting
mDKwkhe8J2w,headbutting
nsk2BSStDFg,headbutting
ahaYM-hBWWg,headbutting
T6iRQ8_ZxCk,headbutting
iU8Ck6QV2cE,headbutting
Wf_jGBAa5T0,headbutting
wg2VssX63t4,headbutting
aC5txX6gJLI,headbutting
Qub8t8_s4Vw,headbutting
hR6iX4vu7QI,headbutting
zqwKGGvPWZc,headbutting
Y1J-n7E0tn4,headbutting
NFXYEiGZoTg,headbutting
81YTRUEoMak,headbutting
2XxiZfKQh90,headbutting
1y-gidoW3I4,headbutting
st-DH1t0olM,headbutting
GuJthR1xU6c,headbutting
1DoYOzmTSug,headbutting
1m1YYVYysA8,headbutting
IMPfjjPQLnU,headbutting
VODyHCZEGLI,catching_or_throwing_softball
Lz2aUsmtGGc,catching_or_throwing_softball
NnexTwOgWR8,catching_or_throwing_softball
y3OSgyt346E,catching_or_throwing_softball
4ldkCXAamHc,catching_or_throwing_softball
dCvMZXVMGPk,catching_or_throwing_softball
TjEwE7I-umc,catching_or_throwing_softball
JBnNU6Vgoog,catching_or_throwing_softball
Yl4-nDJdPAk,catching_or_throwing_softball
QEM-POM2IOo,catching_or_throwing_softball
bTDh2SUn7mQ,catching_or_throwing_softball
sEx9i9YIz7c,catching_or_throwing_softball
qs9bBVLMV10,catching_or_throwing_softball
TXsSJQeNfO0,catching_or_throwing_softball
-1iWWmJmwzI,catching_or_throwing_softball
CJeOTKugkX8,catching_or_throwing_softball
BTXbUwxmdHM,catching_or_throwing_softball
-kdfl_GwOtE,catching_or_throwing_softball
m1dVuEggNe8,catching_or_throwing_softball
H5aL-_PAsZ0,catching_or_throwing_softball
Lq5qlIgg6RE,catching_or_throwing_softball
4Xn_uxgQl8g,catching_or_throwing_softball
r5c12Eo__jY,catching_or_throwing_softball
0l74QJmidNw,catching_or_throwing_softball
2uVVdgxzy2A,catching_or_throwing_softball
2WaqbqfIbKc,catching_or_throwing_softball
jYJTxUnCymg,catching_or_throwing_softball
9UyDJGvS1ww,catching_or_throwing_softball
_5H3uP9Pp_4,catching_or_throwing_softball
UTj6_clbXDk,catching_or_throwing_softball
Th9xAMjTHOU,catching_or_throwing_softball
V7dnKPBg1dE,catching_or_throwing_softball
eSDzyYAlLfM,catching_or_throwing_softball
y4VWNGrHrE8,catching_or_throwing_softball
QeYMRKn6Q88,catching_or_throwing_softball
EQ_cfTXhA18,catching_or_throwing_softball
SIcXhKhurQc,catching_or_throwing_softball
iHto-rgy07o,catching_or_throwing_softball
SIqWeN18Qik,catching_or_throwing_softball
-shfV8JDCMk,catching_or_throwing_softball
Oj1VCJn2Hpc,catching_or_throwing_softball
NOa-Gw6U9Hs,catching_or_throwing_softball
5OQqrkcP5mQ,catching_or_throwing_softball
COIqoei564c,catching_or_throwing_softball
DlIUMYGMD3w,catching_or_throwing_softball
14TXmFXcnBY,catching_or_throwing_softball
XC3xLYqCmeY,catching_or_throwing_softball
7dq9lT6aoHA,catching_or_throwing_softball
isW9E-Zp90A,catching_or_throwing_softball
kU3qQGVRT-g,catching_or_throwing_softball
LEJCJ5Pi1B8,jumpstyle_dancing
xNDArxGeQCg,jumpstyle_dancing
1UupVJrLdhI,jumpstyle_dancing
iKjNb7GEpMg,jumpstyle_dancing
GI7nIyMEQi4,jumpstyle_dancing
H2LmlfY8GHg,jumpstyle_dancing
E8WqHpp2rjY,jumpstyle_dancing
FPbfgv79y98,jumpstyle_dancing
liKd4z6Cjyc,jumpstyle_dancing
QeG2HREr6m0.mp4,jumpstyle_dancing
h8CZjnsgyQQ,jumpstyle_dancing
9hvH6SqC1EA,jumpstyle_dancing
J0YNluUHXmg,jumpstyle_dancing
n57inpzy9P4,jumpstyle_dancing
HCGF6ifeHlM,jumpstyle_dancing
oj8BHQSSTfY,jumpstyle_dancing
U-KORfoCVqk,jumpstyle_dancing
HEx-zMgJMHk,jumpstyle_dancing
DmJaO4z0Nq0,jumpstyle_dancing
mAQaOGOmf4k,jumpstyle_dancing
-4aFe_kvUaI,jumpstyle_dancing
jtWjB5sc_SY,jumpstyle_dancing
LrcP7GgG6ps,jumpstyle_dancing
POsrXp01pr4,jumpstyle_dancing
AMpDQoVXdF0,jumpstyle_dancing
VEsvayFOEm0,jumpstyle_dancing
rmk881vLQ-A,jumpstyle_dancing
SKKrGB_WLsE.mp4,jumpstyle_dancing
vN6JwEgoEf8,jumpstyle_dancing
Voz3pGioMPQ,jumpstyle_dancing
WXB_qERqjjA,jumpstyle_dancing
AIFOKQUDfK8,jumpstyle_dancing
fov5eynCpUc,jumpstyle_dancing
8W_4z6aVbXw,jumpstyle_dancing
4xZ0rhHTqZo,jumpstyle_dancing
CvQfLHlE-PA,jumpstyle_dancing
qKWMSe0TGac,jumpstyle_dancing
5KDD8Mbk_84,jumpstyle_dancing
b_uetsxKmX4,jumpstyle_dancing
__PYrzYbzKE,jumpstyle_dancing
u4tNQHPIjIk,jumpstyle_dancing
ojLiSFsUoko,jumpstyle_dancing
5GUT-khf_tU,jumpstyle_dancing
BJa-nPW3LLs,jumpstyle_dancing
SIXsDp2Djd8,jumpstyle_dancing
BN56cms2DFE,jumpstyle_dancing
Q1K-18XBrQo,jumpstyle_dancing
gXePY8Lkiw4,jumpstyle_dancing
vLOJziNeVzM,jumpstyle_dancing
IG6am90-jZM,playing_ice_hockey
PBf__Wa6vO8,playing_ice_hockey
S-8ogZOLiWU,playing_ice_hockey
uhA64isFmBE,playing_ice_hockey
UKGWaUaRXi4,playing_ice_hockey
7D4VHpfoPak,playing_ice_hockey
soaLU377oZA,playing_ice_hockey
48eBlzbR0n8,playing_ice_hockey
ErylxBbwF5U,playing_ice_hockey
J1vjG5Auq1Q,playing_ice_hockey
9Ze6tmq0Jvg,playing_ice_hockey
NwTz4keCqSg,playing_ice_hockey
cxor1r_kl2k,playing_ice_hockey
bLuFiZDrt0o,playing_ice_hockey
baOVZxVVSvI,playing_ice_hockey
tQq8jNV61Is,playing_ice_hockey
xekTZYIvSSE,playing_ice_hockey
UPrqs0hX8Rk.mp4,playing_ice_hockey
FFFDl7ISAGM,playing_ice_hockey
6SmQ1f4XGE4,playing_ice_hockey
DH_uqMhdyEk,playing_ice_hockey
ThN2G3zG2ew,playing_ice_hockey
xCa8KZoRzbA,playing_ice_hockey
vr8vYGJRq0Q,playing_ice_hockey
vq6mYBlpX1E,playing_ice_hockey
NnVvzEcQoh8,playing_ice_hockey
5EvC-g-_KUQ,playing_ice_hockey
XuQ16JZ_OX4,playing_ice_hockey
1z1HDy2-jQw,playing_ice_hockey
I6_2k-tsXG0,playing_ice_hockey
wMXuw9M22VU,playing_ice_hockey
-bH-BrGmJnM,playing_ice_hockey
kxcgaNZVd-g,playing_ice_hockey
ripqAfmzCEg,playing_ice_hockey
hd4T86WDKYE,playing_ice_hockey
sZ5VgTf9A2g,playing_ice_hockey
IOsrEqzStgg,playing_ice_hockey
_SxAU4_1c_o,playing_ice_hockey
kRWk_-5d5bs,playing_ice_hockey
-LsQK3zOcwo,playing_ice_hockey
ip9qfm3bpA4,playing_ice_hockey
ifW-F2koT4E,playing_ice_hockey
bH-S32gOlCA,playing_ice_hockey
P80cmUoGfZ0,playing_ice_hockey
MoVPXjwpnHc,playing_ice_hockey
7AvQXjUUifQ,playing_ice_hockey
X4GRjs1zoEs,playing_ice_hockey
B4XOE5mspq8,playing_ice_hockey
14yAJ_6E3os,playing_ice_hockey
M8YUAdP_nSo,eating_cake
wfwu32obskc,eating_cake
ktK9w4n_zS0,eating_cake
U9u4nFJvVLI,eating_cake
6btY5grC4gQ,eating_cake
hV0kQxrZTO4,eating_cake
7U9X4LXCR60,eating_cake
8QhblWHnNAY,eating_cake
POl8r_gVsN0,eating_cake
wc32cPpKuko,eating_cake
sh1DwTqCfec,eating_cake
IQb0YDHhT-o,eating_cake
hp59AgbbORA,eating_cake
y9sW-lXZKEo,eating_cake
do7YH2z_x1w,eating_cake
yYcWd3lcYfM,eating_cake
f18MSXmOtLo,eating_cake
lmEbGdDFuyE,eating_cake
4CLKSIBDx30,eating_cake
F8nBY9L6te0,eating_cake
j1oRoItcdHQ,eating_cake
4fwEL41mQAs,eating_cake
0pQACKjlllc,eating_cake
2WtmYtTUr_c,eating_cake
zWgjGsiLLYo,eating_cake
cps0-QVuiaM,eating_cake
9-gHaiYV9dQ,eating_cake
X4Pj7_V1zBA,eating_cake
rzMesUGTVK8,eating_cake
BiuX8Y2JfKY.mp4,eating_cake
p9RTq8xoc7M,eating_cake
ZVgZmIE8xDc,eating_cake
ppK2p_kzy9o,eating_cake
IRppx8kfVlA,eating_cake
2mFclrl0wo8,eating_cake
4EZs8ShkVEk,eating_cake
rLeump4PYwI,eating_cake
RFhLYmk9Lxg,eating_cake
9GTJPntb_wo.mp4,eating_cake
d4IhT7ZcfJY,eating_cake
MA3qmqBmBHA,eating_cake
ntDFgioEXGE,eating_cake
dQcNfbY0hwg,eating_cake
Hw278mYOs48,eating_cake
jQnDFmBZMJ0,eating_cake
VbEWELuXntI,eating_cake
5YlKj7XvXR4,eating_cake
RtJLQHmLW_Q,eating_cake
GhxfA4fdiBY,eating_cake
NhRN8LsNJfc,eating_cake
19zOVnkSOeM,kicking_field_goal
UiNXZNFtaoY,kicking_field_goal
L7Vs8gjomRE,kicking_field_goal
COvce9tQ2YI,kicking_field_goal
glWektLp8RA,kicking_field_goal
rR-W1vsb-ZY,kicking_field_goal
ILadFizBamw,kicking_field_goal
AhQtAKiEWUc,kicking_field_goal
eT5SMpHlrzI,kicking_field_goal
2fKMuJP3_eo,kicking_field_goal
-W3DfTD7kYY,kicking_field_goal
cpkcGdlFEfg,kicking_field_goal
9_qjGoGDkZQ,kicking_field_goal
NwH_F2OAiYc,kicking_field_goal
Y7CZDrJ6Jv4,kicking_field_goal
XEmj6SgGfYo,kicking_field_goal
FWMRjeShr3M,kicking_field_goal
Vli3ay79kJk,kicking_field_goal
7-gs2_8qKLY,kicking_field_goal
iKs-aJnExK4,kicking_field_goal
gmu2hIbSySU,kicking_field_goal
_Q8Q3Q0WEIU,kicking_field_goal
_OrvyygUV-g,kicking_field_goal
FZrUsxOLqZ8,kicking_field_goal
_CMel_KnSzw,kicking_field_goal
gGJZQpSwLYY,kicking_field_goal
mv6quIquMUE,kicking_field_goal
jYpRpQ0URMk,kicking_field_goal
C1P4JPvDlj8,kicking_field_goal
Z9dKdx1tsJA,kicking_field_goal
iNQAV-rBCuw,kicking_field_goal
vyC85mu4VuA,kicking_field_goal
w3J17S4vHnw,kicking_field_goal
BulryAJv1oA,kicking_field_goal
2qaWMRnZuzE,kicking_field_goal
v0QLPZBKRUM,kicking_field_goal
8rMJZYMEc1k,kicking_field_goal
21fVAMGRtMI,kicking_field_goal
LziKRc5Aq1k,kicking_field_goal
W4Q8r7zewqI,kicking_field_goal
2ZJEfZKz75w,kicking_field_goal
4_9HGX79fLM,kicking_field_goal
1DtmA7YAh9U,kicking_field_goal
C5hxIrUIgy8,kicking_field_goal
KIBGMDx8Vhc,kicking_field_goal
sR0oOq-qOqs,kicking_field_goal
f6w9rTZW3oc,kicking_field_goal
WcG6pEHUC7k,kicking_field_goal
mgxX-7fBeqk,kicking_field_goal
ZKlwhShLVDI,kicking_field_goal
wIqvYKy41lo,extinguishing_fire
JtM3SWrzFRk,extinguishing_fire
6Aeop2fWv20,extinguishing_fire
8X4oJMfiIXg,extinguishing_fire
nzYwrVR8LsI,extinguishing_fire
olzCI69Xcrg,extinguishing_fire
ew5PQ0zxaC0,extinguishing_fire
HmsDgBNq4oM,extinguishing_fire
N5mQkA04ILI,extinguishing_fire
ZLhb3qx3_7o,extinguishing_fire
ApobGxvj9Ok,extinguishing_fire
FBGJAvbwKf0,extinguishing_fire
fSmzI8u_i9A,extinguishing_fire
eVnjP8DMzQ0,extinguishing_fire
0YCh9cXD5VY,extinguishing_fire
x3DmBCS9mJo,extinguishing_fire
pjJ0mvrzrgI,extinguishing_fire
du0aJBgtJeA,extinguishing_fire
INBXVk87-UM,extinguishing_fire
8nHS4khLI44,extinguishing_fire
KkjmTZDi4rw,extinguishing_fire
cSY-r9K29wI,extinguishing_fire
p_jY0JwMNTY,extinguishing_fire
DcEuTSu6EEA,extinguishing_fire
osz-TXlRdXs,extinguishing_fire
My0vzbl_mgg,extinguishing_fire
Ms2iNKIsaXU,extinguishing_fire
6yCY1NtQSTk,extinguishing_fire
TZGZBdhGpDg,extinguishing_fire
D9fk5b14ikA,extinguishing_fire
7tuc5irgeJc,extinguishing_fire
-X1Allr_ZcY,extinguishing_fire
BVXG_JOh9jQ,extinguishing_fire
bPNxHAVD7tY,extinguishing_fire
oWuvz_250M8,extinguishing_fire
RH2qWgONnac,extinguishing_fire
C4G5Md3vDm8,extinguishing_fire
d-BnWo9TDvQ,extinguishing_fire
EM-TtOWDJXM,extinguishing_fire
WxdYcx2p6VM,extinguishing_fire
PNLBfIg7nWM,extinguishing_fire
Lzs27USI7Es,extinguishing_fire
Y2EyMA9fTzA,extinguishing_fire
vX9Jrww5LoU,extinguishing_fire
HAZdxvYWoQM,extinguishing_fire
Q2ucE5hbfKk,extinguishing_fire
ZTwnA8Dl6ak,extinguishing_fire
NXMb-rPW1sc,extinguishing_fire
iEF8R8YCXWg,extinguishing_fire
HZT1Dw3IMHQ,pumping_fist
2KjgwQP_-Os,pumping_fist
3Sn5ukMgGXU.mp4,pumping_fist
YMyiwmO2JQI,pumping_fist
_hbjbLIgruw,pumping_fist
JkVOZjHjH48,pumping_fist
fGkCofp5hSA,pumping_fist
44Mak5_s6Fk,pumping_fist
EWqDsdgGIS8,pumping_fist
dIB5JqWSFEY,pumping_fist
eWsOXnG0y_k,pumping_fist
mkqCPog26C0,pumping_fist
661U_zEmWXg,pumping_fist
E5Ivm0-Stb4,pumping_fist
ZA7Zf0LdIEI,pumping_fist
OjowI-z7-oo,pumping_fist
FGZ_lEaHCws,pumping_fist
PLPT8wU7jTA,pumping_fist
lN97xPYAKKg,pumping_fist
UtaVyk_myb8,pumping_fist
UGlJS-x2xlk,pumping_fist
nEqil-NrP6U,pumping_fist
ZZzFwO8yxOE,pumping_fist
vc1RIreJ5QM,pumping_fist
itW36HxG_xs,pumping_fist
GZQMgahZpqo,pumping_fist
-8F5ATqM1vw,pumping_fist
yMx4zkRisAs,pumping_fist
t6-eBFhPsxo,pumping_fist
7eAwrEzwr9k,pumping_fist
QlA7I_yn6rk,pumping_fist
eMfHpGzcquA,pumping_fist
pER-DgfmIf8,pumping_fist
pyuA1k77hs0,pumping_fist
zPkFkNmIDSY,pumping_fist
YQ_Rhk7w3Hw,pumping_fist
7wAjuFeiQ10,pumping_fist
LjdtSsHLLyA,pumping_fist
48hcv0o0va8,pumping_fist
V-IqR1THKr4,pumping_fist
BlHNGhui6LA,pumping_fist
gXpdmby3T-Q,pumping_fist
b904sCMuZjc,pumping_fist
KG1RzT2XD2g,pumping_fist
ODMqQtHhBMc,pumping_fist
DyxX7aUJCY8,pumping_fist
7617-hSgn7w,pumping_fist
lgN8080QJaE,pumping_fist
Xz-OELcFxSY,pumping_fist
j-3NV9T23W0,pumping_fist
pVtNYUM3FoY.mp4,assembling_computer
p86Lc4q2VoU,assembling_computer
nzHXG_J-feI,assembling_computer
-kS4qujLcuQ,assembling_computer
2EeCcGhHIts,assembling_computer
XyQI3k_dxSA,assembling_computer
zVQbO60nido,assembling_computer
obSsX7-ZwWc,assembling_computer
jnZu10G0Te8,assembling_computer
0Cegwffz0Ck,assembling_computer
4q1ckar2eEg,assembling_computer
1FEcfy-moBM,assembling_computer
Hi5qm1bUMK8,assembling_computer
gjSekXUt610,assembling_computer
OI9AppwSveQ,assembling_computer
CtgYU-SI8WM,assembling_computer
CB1iIWtDpSI,assembling_computer
kQxm3gRHf7E.mp4,assembling_computer
MntbWsqYuT8,assembling_computer
ypibr1Ju0U4,assembling_computer
gPR-3s3pQFc,assembling_computer
VdqSJ5sOaIw,assembling_computer
fX6cKdVOXlc,assembling_computer
ygax0_XtJBE,assembling_computer
Kyo4nqSVbPk,assembling_computer
4c_IJh8W2CA,assembling_computer
y77LUs81ZIw,assembling_computer
zXvn3gZCeqI,assembling_computer
p-hOHia-2Ns,assembling_computer
pwQLS8AUP84,assembling_computer
lHQGjGPK1Jw.mp4,assembling_computer
9zIne0cmv4c,assembling_computer
eczjBrvBzxo,assembling_computer
Yqf6O4LBZLU,assembling_computer
zag9E9AuqJg,assembling_computer
NM0RoIsE9xo,assembling_computer
1HTWTWuiIow,assembling_computer
rU26NkL_l5E,assembling_computer
ER66qK68tUo,assembling_computer
-C6BDDvJO4A,assembling_computer
JSvcOQRzf1U,assembling_computer
yV8xKOgVHvw,assembling_computer
WKNa4ZL3raA,assembling_computer
ZCcyLEDC_Kg,assembling_computer
aw-ZuNFaaEI,assembling_computer
PI3Hy8LsWIo,assembling_computer
HIJXmZQOnLQ,assembling_computer
H3yTF6wqTbg,assembling_computer
6FEwHX0NpOQ,assembling_computer
rWex6zIMd1w,assembling_computer
xRwYINT-NsU,tickling
gpVfM7tax9c,tickling
-i1c-6xhoWk,tickling
DkFhk2DC7JA,tickling
ASg5qTkkpBo,tickling
0W5txkjHWLQ,tickling
5w0Tyr6nwz4,tickling
br2NgFQbJUo,tickling
UOvtaFUITEw,tickling
jTRHywlE84I,tickling
_byZSlkIXyA,tickling
8AMvo68FAJo,tickling
-JuFFz7KyMo,tickling
HlGpoVti28o,tickling
ytPsj2yOD54,tickling
rYKR2QkY2g4,tickling
tWLGgZrn5vI,tickling
4x0kKZY_IhE,tickling
amWF6sKE2E8,tickling
uGlx7OhJMLU,tickling
29DyijHoo_g,tickling
apjEvOG8-Zo,tickling
Zm3BQu7eJUI,tickling
liKN134NiMw,tickling
8LntqgW9Wr0,tickling
AXOPJ9Bv0TM,tickling
gCj-R26j7J0,tickling
oZCMAkBJU88,tickling
NSvj8uzxxfw,tickling
-BuJ437TuOQ,tickling
w3i2Pqpz4Lc,tickling
egznfCsZKt8,tickling
aqnKjh9h_3k,tickling
eIZ94AN1C_E,tickling
cx51qWSOJdw,tickling
JqZlO93HNUM,tickling
Bt0kmp3D3WA,tickling
_mu-nHvEZts,tickling
sjaK2S68kIo,tickling
ZDoWouAlh_o,tickling
baoNnWv_wpU,tickling
rl9KKEaeGzA,tickling
EqAYPkVuTdo,tickling
W9Ydqjoda9c,tickling
O8f8ePRbpe4.mp4,tickling
eZ3woxBS1O8,tickling
6uMdGIadACQ,tickling
e86ZfhLpoyQ,tickling
lUDdMn9ttXU,tickling
HyiitLtWeks,tickling
GY50tHf8H3Q,baking_cookies
6mgqyBHtjbs,baking_cookies
-514AQUrSow,baking_cookies
rUmBZTWm_IU,baking_cookies
oJyfsivWegE,baking_cookies
S51wAJ5rS9I,baking_cookies
KoaXqJ2A1Gw,baking_cookies
YXTsZnFuRwg,baking_cookies
_QB3Wxlvgug,baking_cookies
3iwxyEYa0f0,baking_cookies
ebWW_QhMZGQ,baking_cookies
66s-z4goaqg,baking_cookies
FWx9d8nPnJY,baking_cookies
kNt2KA_goXo,baking_cookies
JMrSVy9mRwA,baking_cookies
8w6KeCEkzWo,baking_cookies
bcHpDG7HRBE,baking_cookies
u5nLbel8W6M,baking_cookies
217DuSmGjWU,baking_cookies
fJ6Z8iCl7CI,baking_cookies
lcTwwWaab4I,baking_cookies
fTPDXmcygjw,baking_cookies
wXXiG-5cTX0,baking_cookies
brRVuxwRPWs,baking_cookies
p50nL6cAwrU,baking_cookies
t__T_nYKdh8,baking_cookies
rgQINDw91kA,baking_cookies
Ls6zQoV24-g,baking_cookies
B7PqtWRQNbo,baking_cookies
KcCx9QPDZ4Q,baking_cookies
RaAKqfzgFhU,baking_cookies
nyciBuaIZxs,baking_cookies
M8ozMH38TQA,baking_cookies
xg3LER6hB78,baking_cookies
06HBsMpx9SM,baking_cookies
eG0Pu2uM5q0,baking_cookies
LG2hEf9ueAM,baking_cookies
nenz_2mnic0,baking_cookies
xpx20FTLDSg.mp4,baking_cookies
G0H7Ci13xjM,baking_cookies
sU8NJEPH7IQ,baking_cookies
n-Awmp1QsN4,baking_cookies
B4fBVrtr3Qo,baking_cookies
xT-3l7RKzSA,baking_cookies
1cj3bQAsrdw,baking_cookies
M3j2M00VskE,baking_cookies
HpP_7yMnD54,baking_cookies
x1qycXAMfoE,baking_cookies
jZ-RKDUgTZc,baking_cookies
